lgo_ratio,hgo_ratio,lco_ratio,kero_ratio,biodiesel_ratio,density_15c,n_paraffin_c10_c15,n_paraffin_c16_c20,n_paraffin_c21_plus,aromatic_content,sulfur_ppm,cetane_index,wafi_type,wafi_ppm,season,tank_history_flag,cfpp,cp,pp,target_cfpp,decision,decision_noisy
0.716538224,0.207280341,0.035402385,0.01077905,0.03,839.4848909,9.392940683,10.2735656,2.041491883,23.0480182,7.770523257,52.14131492,B,292.8463631,deep_winter,clean,-23.45581518,-20.01694567,-17.83290179,-23,caution,caution
0.462486175,0.261379973,0.161158318,0.084975533,0.03,847.1693628,8.041638743,8.753535059,1.523554641,28.42674693,9.748306964,47.2253243,C,217.0326293,deep_winter,recent_change,-13.29173779,-10.38994679,-7.431237677,-23,risk,risk
0.569868821,0.299837901,0.054667296,0.045625982,0.03,842.6505128,11.25909936,9.517204796,2.44985847,26.15601814,5.376438785,48.28048607,B,150.1748436,winter,clean,-16.99933623,-14.91056168,-10.33918864,-18,risk,risk
0.665523208,0.267903605,0.006170485,0.030402702,0.03,836.8167017,9.277805442,9.626809518,2.958344976,25.18580801,8.616411636,50.45947838,A,412.5013929,deep_winter,recent_change,-15.41032792,-11.28621777,-6.982942724,-23,risk,risk
0.570457689,0.146155806,0.192054805,0.0613317,0.03,843.5602757,9.187211706,7.860745885,2.152153307,26.86135049,9.675387953,47.54928418,C,397.6645894,deep_winter,clean,-21.2351962,-16.81383743,-15.53177396,-23,risk,risk
0.782492684,0.066062942,0.086407634,0.03503674,0.03,832.7832851,11.30582561,8.802453879,2.12411222,24.05445562,6.976477768,47.89239526,A,295.1157147,deep_winter,mixed,-21.69536445,-19.50300556,-13.37586317,-23,risk,risk
0.679101232,0.080000776,0.133143375,0.077754617,0.03,840.7742879,10.75596067,8.747210896,1.483835493,27.54951107,9.613201392,48.59050857,A,273.4947262,winter,mixed,-21.93251045,-19.520507,-13.96214524,-18,caution,caution
0.578173276,0.189849946,0.191482938,0.01049384,0.03,847.1670819,10.22732157,8.299133959,2.107242529,25.25672309,9.310895899,47.41460467,A,346.0657085,winter,mixed,-12.16207973,-9.893400012,-3.754495187,-18,risk,risk
0.533036971,0.251023831,0.100760656,0.085178542,0.03,839.8914636,9.464100737,9.090978986,1.774913464,23.91519411,8.552185639,47.82726249,C,281.4358338,winter,clean,-21.40668922,-18.2846765,-15.03225545,-18,caution,caution
0.606938252,0.185259051,0.124465896,0.053336801,0.03,843.1264621,10.19240764,8.377922407,2.280295551,27.56936643,6.1734243,49.98878143,C,144.8049556,winter,clean,-15.74523322,-13.10892242,-10.13933245,-18,risk,risk
0.666617405,0.149335849,0.057824582,0.096222163,0.03,833.9712584,12.14773972,8.595586717,1.737442984,22.016802,5.077073319,48.18737458,A,274.9667667,winter,clean,-22.69896486,-20.32385549,-16.86767639,-18,normal,normal
0.58191717,0.279328257,0.08896366,0.019790912,0.03,843.708269,10.09208132,10.70850984,2.506966744,24.85972186,7.924238008,47.69356035,B,187.4608504,winter,clean,-18.4222905,-15.60096008,-11.50925487,-18,caution,caution
0.797432692,0.103949787,0.005467512,0.063150009,0.03,829.0770615,11.62759946,9.841812705,1.9718489,21.22464275,9.782384536,51.39837842,A,121.5801911,winter,clean,-15.76835213,-13.60723692,-10.72926981,-18,risk,risk
0.791711716,0.036046283,0.053357037,0.088884964,0.03,834.7124079,10.5132498,10.44470335,1.705764628,22.86932143,8.875189726,51.98692561,B,403.5026894,deep_winter,clean,-29.93520674,-25.03524499,-24.91653957,-23,normal,normal
0.598457191,0.263321293,0.010989499,0.097232018,0.03,834.0309071,11.51627545,7.988034479,1.971476933,23.50264605,9.573269558,51.37814376,A,204.6148808,deep_winter,recent_change,-17.37149087,-13.69897206,-10.93583954,-23,risk,risk
0.761097164,0.100071922,0.08378534,0.025045574,0.03,838.4120384,9.746913571,9.020207317,2.62016388,24.27264588,8.396273675,51.07060538,none,0.0,deep_winter,mixed,-1.969973897,2.875290449,3.813012195,-23,risk,risk
0.473430067,0.274416638,0.145759868,0.076393426,0.03,845.1761706,10.4758641,9.953920549,2.4119761,29.11776688,9.054756303,46.15474618,none,0.0,winter,mixed,0.164464935,4.686611654,7.83473991,-18,risk,risk
0.581621334,0.245432175,0.087625824,0.055320666,0.03,841.060532,9.36759688,9.813205769,2.395824502,26.14483337,5.432017855,45.94527344,C,371.9260039,deep_winter,recent_change,-21.94859807,-17.15057554,-14.31814758,-23,risk,risk
0.691830685,0.115634225,0.088454722,0.074080367,0.03,838.7504475,10.02487844,8.122120007,1.906475422,23.64017551,9.778652954,48.63312119,A,235.4818951,deep_winter,clean,-23.08795,-19.91766217,-15.2851403,-23,caution,caution
0.56256824,0.250969678,0.092181477,0.064280605,0.03,843.6021008,10.01548957,9.113477689,2.985667447,27.49310192,9.742417024,49.27180802,A,387.1789373,deep_winter,mixed,-16.26919071,-11.72962486,-8.977940935,-23,risk,risk
0.566878048,0.161701294,0.190942492,0.050478166,0.03,847.2447791,7.666698566,9.642407845,1.901329297,27.79804457,7.830490718,45.68371343,C,288.3524215,deep_winter,clean,-15.66821517,-11.43431159,-10.12200106,-23,risk,risk
0.476469788,0.246719293,0.169443032,0.077367887,0.03,844.6196877,8.430014904,7.979410929,2.552183557,27.92043796,5.181059066,47.8916099,B,464.7040191,deep_winter,recent_change,-19.00595974,-16.03276035,-12.57302845,-23,risk,risk
0.644870777,0.203628812,0.068522032,0.052978379,0.03,840.1396017,10.40344852,9.66859315,1.980909204,25.01020666,9.819044,49.85842092,A,499.1108104,deep_winter,mixed,-18.70150124,-15.7128175,-11.16111023,-23,risk,risk
0.676631581,0.214414251,0.070313711,0.008640457,0.03,840.3163117,8.971838886,9.051567592,2.469550205,24.86333654,9.379693708,48.52596074,C,132.1563005,winter,clean,-13.15192347,-10.51715729,-4.83588395,-18,risk,risk
0.719660469,0.198763811,0.041283336,0.010292384,0.03,839.3115932,8.709792302,10.50759628,2.517654353,26.43595563,5.754970071,51.06057999,B,389.9611778,deep_winter,clean,-22.24271381,-19.51874397,-13.4059015,-23,risk,risk
0.569095813,0.188390524,0.137802015,0.074711648,0.03,844.4700432,9.218948292,8.747120511,1.377895802,25.74400945,9.421790342,48.58959708,C,333.6658623,deep_winter,recent_change,-25.38598864,-21.5233742,-19.47613522,-23,caution,caution
0.656131287,0.201375429,0.062936088,0.049557197,0.03,837.7032719,10.35784988,9.580464537,2.228327153,25.81141076,6.737620115,49.49958847,A,90.20470213,winter,clean,-11.23097511,-6.826143207,-6.12412594,-18,risk,risk
0.826875531,0.052391996,0.065587707,0.025144766,0.03,832.8102312,11.30676499,10.26323596,1.718582511,21.61346717,5.581351865,49.57968033,B,149.7411323,winter,recent_change,-22.82502873,-18.49729484,-17.61276929,-18,caution,caution
0.795443563,0.020024295,0.148256491,0.006275651,0.03,840.8848035,9.808363523,8.45789958,2.170209178,25.44007899,9.843913,48.1304814,C,275.9235345,deep_winter,clean,-25.39629525,-22.08658176,-16.95659442,-23,caution,caution
0.608936943,0.174698628,0.093183623,0.093180805,0.03,838.2788286,11.21499576,8.038110331,2.357463588,27.84408677,5.685233298,49.24854646,A,145.7624251,winter,clean,-18.64815371,-16.36452143,-13.49767121,-18,caution,caution
0.636021071,0.260772301,0.023108196,0.050098432,0.03,836.1673005,11.22899616,9.038055245,3.476084347,22.35367717,7.15846004,48.23526998,A,426.0718663,deep_winter,mixed,-16.6153799,-12.31424715,-10.75465221,-23,risk,risk
0.687376397,0.074120102,0.154441223,0.054062278,0.03,845.6607084,10.06239595,8.497452945,2.228262724,22.4087153,6.364714922,46.64839997,C,307.1341841,winter,clean,-20.3940313,-17.81814617,-15.03781127,-18,caution,caution
0.568435922,0.185610363,0.178380643,0.037573073,0.03,848.4948714,9.611440952,10.67550417,2.415216452,29.11933756,5.929761256,48.04254755,none,0.0,winter,clean,-1.547221759,2.660430875,5.968861406,-18,risk,risk
0.694872731,0.133061444,0.126292937,0.015772887,0.03,843.333088,8.811087242,9.195405381,1.819997367,25.72445646,9.020860794,47.26121072,C,376.7602835,deep_winter,clean,-22.94933612,-19.8298223,-17.58252549,-23,risk,risk
0.713689602,0.082263717,0.133875652,0.040171029,0.03,839.1418077,9.88528711,8.865140336,1.514757096,24.4483291,5.379527249,49.70369915,A,289.1820512,winter,mixed,-20.92740715,-16.5285124,-14.85584199,-18,caution,caution
0.674939328,0.203804265,0.009654173,0.081602235,0.03,835.1290467,11.05217428,8.502302752,1.936049744,25.28237976,5.753796094,51.37473883,A,290.5133595,winter,clean,-21.0488133,-17.47285719,-13.94043335,-18,caution,caution
0.546655452,0.217164623,0.175899024,0.0302809,0.03,842.4342389,8.551953705,9.018293776,2.195359776,27.68888387,7.796337658,48.08077682,none,0.0,deep_winter,recent_change,-1.175170208,1.114185875,4.815935876,-23,risk,risk
0.794121564,0.048591483,0.077886074,0.049400879,0.03,836.1617758,10.81456241,10.78111715,2.271683133,22.91162924,5.619498616,49.22104401,A,295.3459168,winter,clean,-21.49985493,-18.26100288,-14.0721551,-18,caution,caution
0.601444312,0.241394673,0.042634586,0.084526429,0.03,840.3247002,10.52256952,9.390213041,2.449164154,23.62426219,8.286043308,51.08363774,B,373.8535056,deep_winter,recent_change,-23.61649452,-21.33867686,-16.35350557,-23,caution,caution
0.520481393,0.255598519,0.188555536,0.005364552,0.03,850.4441598,8.766695856,9.827560698,2.060623544,27.99396649,9.557038872,46.93556008,C,281.2795761,deep_winter,clean,-12.9230564,-9.836040456,-7.007105982,-23,risk,risk
0.662961234,0.096088659,0.128774055,0.082176053,0.03,837.2319998,9.55203484,9.317835597,1.925499184,25.4027845,6.673250823,48.70834039,A,88.85477541,winter,recent_change,-15.47443912,-12.7983544,-7.585812939,-18,risk,risk
0.531652431,0.218858129,0.125294348,0.094195092,0.03,840.8032482,9.533364113,9.52588107,2.37489078,25.20208608,7.323827576,45.07713455,A,78.44309548,winter,recent_change,-10.09288839,-7.142600979,-3.433637918,-18,risk,caution
0.744861847,0.018391817,0.192928503,0.013817833,0.03,843.2461308,9.79227679,7.683908412,1.926439486,25.50140368,6.73581811,48.32539753,B,289.0001543,winter,mixed,-21.44889634,-16.67495649,-13.8057078,-18,caution,normal
0.706969843,0.195646323,0.03132658,0.036057255,0.03,837.1903941,10.50507928,8.557460664,2.170743799,22.47839639,6.021799154,49.90725354,C,292.213783,deep_winter,recent_change,-21.65452882,-18.46211114,-14.21800874,-23,risk,risk
0.523818584,0.243809656,0.103481941,0.098889819,0.03,839.6289258,9.181634408,7.808452698,2.428565011,23.95172715,8.927903184,48.74886295,B,56.00205204,winter,mixed,-12.07312503,-7.405177945,-4.326224546,-18,risk,risk
0.535412016,0.219358246,0.144288316,0.070941422,0.03,845.3465012,9.991790681,9.575858583,2.702173361,26.42590752,9.404867109,47.66850874,C,375.7274469,deep_winter,clean,-23.25605415,-19.41038713,-17.81304365,-23,caution,risk
0.65493768,0.085451311,0.182919769,0.04669124,0.03,841.138372,9.403243484,7.251332296,2.325609811,27.6425342,5.135642815,47.02204297,B,325.5014379,deep_winter,clean,-20.84825292,-16.46020405,-14.27470889,-23,risk,risk
0.697466858,0.019555738,0.173329345,0.079648059,0.03,838.4571529,11.47225563,7.35394097,1.659422713,27.58956055,7.548234025,48.24166935,C,308.6832397,deep_winter,recent_change,-22.46866591,-19.6079953,-15.32950255,-23,risk,risk
0.736604155,0.169784437,0.010314762,0.053296645,0.03,833.9372749,11.43344142,10.17623695,2.365745065,21.79703799,5.233986103,50.48520513,C,225.5745965,winter,clean,-19.01697565,-16.64055743,-11.78825582,-18,caution,caution
0.781991181,0.088841038,0.008927498,0.090240284,0.03,831.8774938,11.7607889,8.075786556,1.74261508,20.68030504,5.849192902,50.29053455,C,174.9049491,winter,recent_change,-20.71658398,-18.11259249,-14.64428462,-18,caution,caution
0.516412558,0.279033529,0.113344663,0.061209251,0.03,841.9118159,10.63528337,9.111008774,1.965386041,24.91240665,9.622570297,47.69428769,A,334.9217757,winter,recent_change,-16.56711871,-12.22469139,-9.973192317,-18,risk,risk
0.561804666,0.24066907,0.113771967,0.053754297,0.03,840.8253615,8.648538994,8.729116008,1.709283077,27.44004838,7.297276119,46.87556039,A,103.4284779,winter,mixed,-10.97785309,-7.617540023,-3.110128626,-18,risk,risk
0.796344354,0.132962109,0.029717524,0.010976012,0.03,839.4337648,10.52501525,11.6362813,1.942777051,21.42081493,5.191241972,51.4411323,B,67.1432839,winter,mixed,-11.33643678,-8.711552098,-5.606179752,-18,risk,risk
0.739830228,0.140705876,0.078344815,0.011119081,0.03,837.9675985,11.60078585,8.959884483,2.177708154,22.83791912,9.246834069,50.17841484,C,263.5560212,winter,clean,-20.06216295,-17.41142076,-12.56248142,-18,caution,caution
0.693975912,0.072421661,0.18884663,0.014755796,0.03,845.4627907,9.629335626,7.871931467,2.233260282,27.34431733,9.670263471,47.78801584,C,186.7157599,winter,clean,-15.31823599,-10.69328708,-6.757083557,-18,risk,risk
0.769113867,0.066748107,0.03482806,0.099309965,0.03,831.7725173,12.09001723,8.65043242,1.841135989,20.68225334,8.218843365,51.79705957,A,198.8879766,winter,clean,-22.07747598,-17.31954929,-13.79886304,-18,normal,normal
0.587947908,0.151112162,0.133619518,0.097320412,0.03,838.1593747,10.37114444,5.708404269,1.721748283,24.14533507,8.866274951,45.83009447,C,340.7485209,winter,clean,-29.89259509,-26.41298963,-22.37842684,-18,normal,normal
0.68043892,0.200361279,0.026266442,0.062933359,0.03,836.9212264,9.206330094,9.610259941,2.185835221,23.62178276,5.801687462,52.25439825,B,66.54439818,winter,clean,-15.06296293,-11.3524762,-6.586333187,-18,risk,risk
0.644099531,0.175577049,0.052179227,0.098144192,0.03,835.2923169,9.616285051,9.723026456,3.068916946,22.49796969,6.609135418,49.09880239,B,222.7090524,deep_winter,mixed,-22.19455186,-17.9990867,-13.48765757,-23,risk,risk
0.759160257,0.085372465,0.048355975,0.077111303,0.03,832.5265689,10.01577915,8.328944379,2.497383945,21.48752669,6.739535875,50.84755877,A,297.3676361,deep_winter,clean,-23.10155912,-20.1430035,-14.54258484,-23,caution,caution
0.718361767,0.163760064,0.0672897,0.020588468,0.03,838.1625348,9.780825053,9.636960079,1.723571969,28.43559975,8.429785118,49.3090346,B,232.8700241,winter,recent_change,-24.03508777,-20.9149057,-17.76772684,-18,caution,caution
0.848358757,0.021107383,0.078946454,0.021587406,0.03,832.3990969,9.209301828,8.627299483,2.235408135,23.95242664,8.92594426,49.89926955,B,51.27014347,winter,recent_change,-13.42057327,-9.307403092,-5.188013367,-18,risk,risk
0.627645483,0.159230261,0.102144455,0.0809798,0.03,838.4843381,9.448084181,7.576411521,1.980758349,23.48220015,8.711174416,49.53640262,C,169.6730514,deep_winter,recent_change,-19.19933834,-14.94532203,-11.46547149,-23,risk,risk
0.551115011,0.217350564,0.190154842,0.011379584,0.03,849.5035601,9.631628825,9.683866491,1.50945573,28.16668757,8.440954777,48.76132742,A,201.0811592,winter,clean,-11.74232483,-6.845392977,-3.15336709,-18,risk,caution
0.666313268,0.276293384,0.006355008,0.02103834,0.03,838.7878033,10.85416213,9.374939788,2.275186311,23.16527799,8.819644534,50.75774188,A,256.4224695,winter,clean,-17.41256951,-15.34010402,-10.53272431,-18,risk,risk
0.670292506,0.109126638,0.128808743,0.061772112,0.03,840.4583564,9.964805451,9.155041457,1.852559721,25.930758,9.17389046,49.60645146,A,336.0932209,winter,mixed,-19.19982852,-14.35319697,-13.03423027,-18,caution,caution
0.740129253,0.182780931,0.002045413,0.045044402,0.03,835.4113897,10.79644742,9.647326419,2.189312572,22.09662662,8.47593169,51.17266928,C,122.9293033,winter,mixed,-13.73039818,-8.752513036,-6.820384859,-18,risk,risk
0.548023747,0.164230897,0.160642773,0.097102583,0.03,841.9781446,11.05534967,8.2044934,1.939840207,26.8817419,7.679227379,46.25130468,A,322.3349627,deep_winter,clean,-19.02591937,-16.86469403,-11.95932414,-23,risk,risk
0.761596582,0.012215988,0.153859294,0.042328135,0.03,837.2096423,9.031557822,8.466425048,2.456523998,27.55433162,8.337773404,48.19117486,none,0.0,winter,mixed,-5.930067757,-1.009531587,2.056071011,-18,risk,risk
0.792208958,0.07503672,0.082913871,0.019840452,0.03,836.6997222,12.21306249,7.609931711,2.025576372,20.83732402,8.705943776,49.67957798,C,231.223878,winter,clean,-23.04155907,-19.56876052,-16.91995782,-18,normal,normal
0.691320105,0.225277808,0.035786284,0.017615802,0.03,838.0308942,9.650652515,9.273886316,2.387479081,22.85632415,7.947305147,49.7983392,A,337.9942503,winter,clean,-17.72669135,-14.64235269,-11.94577314,-18,risk,risk
0.576471608,0.270754674,0.031192761,0.091580958,0.03,837.7445247,11.17249036,10.23937482,2.3455858,22.9125497,6.249722746,49.28990982,A,85.26190398,winter,clean,-10.81052431,-8.178010132,-3.927373125,-18,risk,risk
0.589463776,0.239120455,0.121750256,0.019665513,0.03,844.6848614,8.351916517,9.851906922,2.569524748,24.34899101,8.447166865,47.41977351,A,60.10710522,winter,clean,-5.520493942,-1.913158804,1.570829938,-18,risk,risk
0.734835017,0.162515593,0.026935071,0.045714319,0.03,837.5380461,10.75134994,11.46811243,2.582940614,24.53475902,9.526687484,49.75162977,A,174.6955358,winter,mixed,-12.94428482,-8.225652565,-5.544745171,-18,risk,risk
0.627539386,0.240378505,0.093265165,0.008816944,0.03,842.8227882,10.0618925,11.36937999,1.996581815,25.84557119,6.271792959,49.25872043,A,247.8554645,deep_winter,mixed,-11.89261127,-7.835416105,-3.577033054,-23,risk,risk
0.535878803,0.158268786,0.181618042,0.094234369,0.03,842.350615,10.54062964,8.969890555,2.167360643,26.2086015,7.567248825,46.35085569,B,399.8441855,deep_winter,recent_change,-21.67730962,-18.14232064,-12.72954451,-23,risk,risk
0.639360862,0.240543765,0.064205644,0.025889729,0.03,839.8594686,10.72504187,7.856300538,2.650295477,26.13100194,7.154201824,50.31115224,A,345.0964035,deep_winter,clean,-18.02324598,-14.75067806,-13.01124703,-23,risk,risk
0.592946467,0.198123804,0.100086713,0.078843016,0.03,837.4992719,9.386241336,9.747821811,1.735565031,24.25493692,7.216553386,45.86733043,A,299.3974342,winter,recent_change,-21.21332172,-16.42566617,-14.04862124,-18,caution,caution
0.72617152,0.151401476,0.021606459,0.070820545,0.03,835.4943272,13.34432802,8.732876374,2.247146173,21.60975028,6.982529605,50.45446717,A,109.0833918,deep_winter,clean,-14.91219996,-11.68096842,-7.101496347,-23,risk,risk
0.77540017,0.091015641,0.00360833,0.099975859,0.03,829.2366397,12.60104427,9.250858819,2.067176439,21.45490651,6.12195858,52.33136642,B,260.1140977,deep_winter,recent_change,-28.01436648,-23.11014251,-22.57223179,-23,caution,caution
0.664305535,0.050447549,0.182982254,0.072264662,0.03,840.9373221,9.887661942,8.789034991,2.428299044,27.65194303,7.616969594,47.99052678,C,499.7744265,deep_winter,clean,-21.18094661,-17.77657987,-14.26160192,-23,risk,risk
0.683108865,0.029692072,0.158786929,0.098412133,0.03,836.355368,9.571826494,9.778061561,1.55903426,24.93275217,5.714031228,47.85649336,A,256.8989131,deep_winter,clean,-19.62866134,-16.1686701,-11.12604782,-23,risk,risk
0.775175658,0.033104541,0.123354709,0.038365092,0.03,837.669525,11.58130234,8.927174138,1.877166801,25.10059512,7.798686329,48.10279785,A,157.1903413,winter,clean,-19.3061373,-16.13480292,-11.62433032,-18,caution,caution
0.610856,0.190987805,0.156444488,0.011711707,0.03,841.4534363,9.713667777,9.025179214,1.969953605,23.8837522,5.728410067,47.89580564,C,319.2248016,deep_winter,recent_change,-14.38053464,-9.881008486,-7.578623435,-23,risk,risk
0.579994339,0.285235138,0.091487655,0.013282868,0.03,846.6446276,8.206511111,9.739484729,2.741821063,26.72333323,6.508523845,49.74313057,B,77.90415567,winter,clean,-10.52617036,-5.716541856,-3.859518537,-18,risk,risk
0.788428146,0.063959123,0.025910417,0.091702314,0.03,830.5106369,12.79452853,9.271344151,1.919370934,20.63123084,9.710007223,50.21961468,C,377.9847178,deep_winter,recent_change,-28.27457983,-23.75953989,-22.15588171,-23,caution,caution
0.72056929,0.070038634,0.131675732,0.047716345,0.03,840.2340315,11.06935824,7.558075707,0.931043856,26.51804436,9.898043042,50.32266442,none,0.0,winter,clean,-7.505247184,-3.67744822,1.230307099,-18,risk,risk
0.703893305,0.123219231,0.092981015,0.049906449,0.03,836.3187907,10.53355803,8.726195028,1.845673899,26.32212173,5.426261146,50.46415171,C,493.3454989,deep_winter,mixed,-26.15325837,-22.41805089,-18.98512368,-23,caution,caution
0.670014568,0.090813448,0.109972548,0.099199436,0.03,836.2326823,10.62874238,7.315035466,2.006180853,21.97736564,9.901601222,47.66896733,A,198.281506,winter,mixed,-21.07274947,-17.83706228,-12.73571288,-18,caution,caution
0.472686892,0.297178998,0.156543215,0.043590896,0.03,848.4949858,9.286194225,8.392419663,2.32141324,27.15299242,8.871146825,46.21637105,C,474.6499442,deep_winter,clean,-16.25372827,-12.62267069,-7.657868789,-23,risk,risk
0.668797363,0.055288655,0.199730651,0.046183331,0.03,842.828049,9.363517014,7.907108198,2.362937328,25.81478798,6.992613152,48.32165314,A,343.437351,winter,mixed,-16.55958499,-13.56630118,-8.612463373,-18,risk,caution
0.442813189,0.260342306,0.185631491,0.081213014,0.03,844.4420288,10.19374067,7.737969088,2.373522002,29.43672444,9.707197924,47.18188172,A,289.2627384,winter,recent_change,-14.29909338,-11.30163916,-8.656202715,-18,risk,risk
0.76374867,0.029386958,0.140723138,0.036141234,0.03,838.6152129,10.37818279,8.296297682,2.506790858,25.3068302,7.608547644,49.27670391,A,489.2463442,deep_winter,clean,-24.49172896,-22.15459674,-17.2292923,-23,caution,caution
0.669511771,0.098367965,0.126525888,0.075594376,0.03,839.1301391,10.29125644,8.395402749,2.241206245,24.81901053,9.462425891,47.95015868,C,451.9146224,deep_winter,recent_change,-27.98285158,-24.19827424,-19.49647161,-23,caution,caution
0.71642677,0.137468026,0.047293444,0.068811761,0.03,833.3848569,11.45168294,10.19021411,1.873650353,23.92788758,5.890875691,51.15587378,A,130.4958924,winter,recent_change,-14.91056038,-12.17335168,-7.02095957,-18,risk,risk
0.586445751,0.225181476,0.125669591,0.032703182,0.03,845.5396184,9.924110467,9.613795383,2.448335376,27.08399571,5.411198234,49.10681081,B,432.1605133,deep_winter,clean,-23.96141841,-20.56000535,-17.60931302,-23,caution,caution
0.709612101,0.089377776,0.111177091,0.059833032,0.03,838.3177796,9.569333718,9.494192494,2.24593791,27.26105319,5.108680098,47.54605299,A,460.7854297,deep_winter,recent_change,-22.74391491,-20.14535161,-16.350562,-23,risk,risk
0.53417181,0.294542991,0.117711667,0.023573531,0.03,844.4167472,9.511190277,9.217175829,2.2889482,26.14734658,5.88690188,48.13470535,A,487.799923,deep_winter,recent_change,-17.13364536,-13.26491869,-10.40781045,-23,risk,caution
0.721123067,0.037606581,0.113161953,0.098108399,0.03,835.3708573,10.59957495,7.166765917,1.286254698,24.45509248,6.156510826,48.16264159,A,230.8802045,winter,mixed,-22.82790021,-18.37257376,-16.74345846,-18,caution,caution
0.589958955,0.112281466,0.194558682,0.073200897,0.03,844.0540773,11.04534743,8.001962782,2.015732699,27.24226595,5.580535061,47.17517611,A,356.4147602,deep_winter,recent_change,-18.83450798,-14.22188441,-10.72261,-23,risk,risk
0.723261735,0.040444222,0.136958957,0.069335086,0.03,836.0867566,10.99884825,9.694897788,1.588905382,25.66931212,6.093085539,48.52656032,C,194.7383422,winter,clean,-23.37449659,-19.49850357,-15.3671148,-18,normal,normal
0.536718126,0.156993189,0.180170023,0.096118663,0.03,844.3230335,9.48816704,8.28735747,1.538277053,28.59432248,7.692594704,45.99977668,C,239.0076233,winter,clean,-19.32856461,-15.35328509,-10.75048006,-18,caution,caution
0.720820108,0.145247617,0.0858804,0.018051875,0.03,838.5743638,9.305835961,10.12066575,2.352295052,24.39032648,5.052584273,49.16549593,A,229.7499706,winter,clean,-17.70042374,-14.18175705,-12.39736816,-18,risk,risk
0.548414774,0.157164125,0.185760731,0.07866037,0.03,842.9413175,9.496263106,8.353708125,1.248596672,26.45442477,6.11723842,48.27025765,A,213.1357068,winter,clean,-16.94298837,-14.56366613,-10.98809012,-18,risk,risk
0.491733811,0.238971317,0.141453351,0.097841522,0.03,841.224659,9.941611014,7.426957368,1.620871636,26.54318371,8.829124526,46.18032133,A,264.6669645,winter,clean,-22.14266754,-17.65012321,-16.24080521,-18,normal,normal
0.792041994,0.076834559,0.039565833,0.061557614,0.03,832.724071,11.34544108,8.827765756,1.641186031,23.38815376,7.113830109,49.96275113,A,363.1085878,deep_winter,clean,-24.51617227,-19.88113579,-16.84401322,-23,caution,caution
0.632595798,0.168760345,0.092544321,0.076099537,0.03,838.533519,10.39660727,8.837058288,1.63453812,25.00656681,9.150177851,48.30909167,B,338.6909054,winter,clean,-26.75591847,-23.9118031,-19.91156044,-18,normal,normal
0.676800731,0.200078128,0.023015767,0.070105373,0.03,834.5919791,10.00932638,7.019182082,1.946723953,23.49129383,5.78588288,50.97491404,C,219.8397163,deep_winter,clean,-22.82665951,-19.87201668,-13.98398873,-23,risk,risk
0.726816579,0.055882839,0.110638274,0.076662309,0.03,833.5792317,12.308169,8.344258455,1.728910237,25.22126177,8.778232517,48.90624426,A,245.2685006,deep_winter,clean,-24.15885382,-21.7320735,-17.70466072,-23,caution,caution
0.558740956,0.269092598,0.119081274,0.023085172,0.03,846.3686891,8.984093625,10.47703648,2.488169485,26.84363361,5.139344904,49.81441176,B,178.6163269,deep_winter,mixed,-16.87997216,-11.96330823,-9.088639257,-23,risk,risk
0.533458135,0.262437939,0.15980381,0.014300116,0.03,849.0786891,8.222653117,8.670718416,2.253898726,25.86416535,7.731570565,47.94289921,C,173.8382312,winter,clean,-11.1162353,-7.028503304,-5.786381557,-18,risk,risk
0.757028803,0.076083253,0.067463343,0.069424601,0.03,833.5364829,12.63027718,9.066451162,1.915898314,24.14230039,7.851856545,50.420492,B,292.310029,deep_winter,recent_change,-27.296376,-22.79459762,-18.29828952,-23,caution,caution
0.845618642,0.016940998,0.067814038,0.039626321,0.03,836.0995503,11.10825908,8.65868931,1.483534151,22.90782092,6.17274879,52.23348741,A,200.3109985,deep_winter,recent_change,-21.33870638,-18.0995661,-14.42788673,-23,risk,risk
0.724014251,0.086046499,0.159557178,0.000382072,0.03,845.8102343,8.161551098,9.841007788,2.691022262,28.76447115,9.530138685,47.95286587,none,0.0,deep_winter,recent_change,-1.319901528,1.480338405,5.547635543,-23,risk,risk
0.571967917,0.289301392,0.080231484,0.028499206,0.03,839.6495814,10.37562974,8.996924606,2.164207625,25.24617871,8.574664168,47.59911584,A,496.8675086,deep_winter,recent_change,-16.53292688,-12.0034603,-7.707902417,-23,risk,risk
0.751022251,0.178277363,0.02151722,0.019183167,0.03,834.5867546,10.21380814,8.718591986,2.291287356,22.00601101,8.607750101,49.30376498,C,190.08253,winter,clean,-17.90073893,-13.73938884,-11.69143563,-18,risk,risk
0.843168646,0.059049112,0.029524855,0.038257388,0.03,832.0839449,10.87647146,8.874520326,1.051656601,22.69821061,5.619309256,51.5111031,C,183.9536506,winter,recent_change,-21.32189305,-17.44179168,-14.30025123,-18,caution,caution
0.744315473,0.024937584,0.147275049,0.053471894,0.03,839.6711592,9.62965154,9.356274803,1.716800498,25.4314432,8.725399328,49.60529693,C,355.6196165,deep_winter,clean,-27.89041148,-25.30030132,-21.35623527,-23,normal,normal
0.743033045,0.152703056,0.048170352,0.026093548,0.03,838.2506473,11.23464182,9.509493621,1.801820448,21.15142551,7.469248509,51.35414346,B,462.5732379,deep_winter,recent_change,-23.2131986,-18.3194546,-16.08413062,-23,caution,caution
0.712531469,0.046620509,0.183358502,0.02748952,0.03,841.1126692,9.863800005,9.14513786,1.201521919,24.25266615,8.041634227,47.91736115,B,312.2341033,winter,recent_change,-22.50055986,-19.69938551,-14.00543154,-18,caution,caution
0.714991058,0.087755215,0.116828935,0.050424791,0.03,841.1297708,9.988886219,9.615247702,1.925082019,25.98557792,6.09644161,47.30393939,A,407.1163032,deep_winter,recent_change,-20.55595694,-15.87124946,-14.25311447,-23,risk,risk
0.742979007,0.052888874,0.104442607,0.069689512,0.03,835.2307143,10.00168389,9.72383821,1.899238277,21.57457043,5.141241836,49.70752569,C,112.680386,winter,recent_change,-17.58706416,-13.59539185,-10.98183786,-18,risk,risk
0.523774609,0.214920734,0.148009444,0.083295213,0.03,841.3980677,8.976967977,8.689677402,2.137569899,27.10243644,9.793106302,46.74452072,C,300.8661103,deep_winter,mixed,-22.58701493,-17.88231211,-14.60956667,-23,risk,risk
0.700898065,0.165068772,0.020778168,0.083254995,0.03,833.7471024,11.88416723,10.27728962,1.348524737,20.86655054,8.351178273,50.69438604,B,321.8593629,deep_winter,recent_change,-24.6261091,-22.02675549,-16.06130448,-23,caution,caution
0.734855007,0.084587238,0.067637444,0.082920311,0.03,834.8701649,11.30055981,8.551400499,2.389135607,21.92450952,9.994099215,49.88176459,A,256.5865919,winter,clean,-22.46940819,-20.13051944,-14.65106486,-18,normal,normal
0.668554156,0.127419896,0.157087068,0.016938881,0.03,843.5769766,10.28439903,9.300624009,2.44202868,26.85325904,7.016488889,49.3014941,C,324.3051694,deep_winter,recent_change,-15.79457068,-12.15336332,-10.72261687,-23,risk,risk
0.746940264,0.067929703,0.13329835,0.021831683,0.03,839.894576,10.36153551,9.588730666,1.595488515,24.35293163,6.308120459,48.99785214,C,324.0023058,deep_winter,clean,-24.6245415,-22.39097916,-19.03691859,-23,caution,caution
0.736368168,0.078597527,0.14509835,0.009935954,0.03,841.7462871,9.840411455,9.401510155,1.85328199,25.03466459,8.188321137,50.58718416,A,80.28598221,winter,mixed,-11.92125069,-8.399619447,-5.645796218,-18,risk,risk
0.485514161,0.296937688,0.13897065,0.048577501,0.03,843.1623719,8.7045155,9.583625521,2.105630173,26.0928363,8.520276252,46.1664408,C,362.766319,deep_winter,recent_change,-20.94135423,-16.99610406,-15.59569333,-23,risk,risk
0.706472132,0.088715499,0.082795705,0.092016664,0.03,838.0892526,11.35454595,9.372789987,1.98183595,24.33795802,5.48415707,50.43239261,A,332.6945629,deep_winter,recent_change,-22.88515574,-19.31832885,-15.99316031,-23,risk,risk
0.660823417,0.113858638,0.138089706,0.057228239,0.03,841.1479621,12.32535741,9.976698978,2.011579362,24.96311417,5.094761888,49.7687404,B,386.0171499,deep_winter,recent_change,-25.08221315,-21.64591259,-18.70603508,-23,caution,caution
0.562515096,0.153344643,0.180546569,0.073593691,0.03,843.0813318,8.914806233,7.716706756,1.892707751,25.23563972,9.915004831,47.28038101,A,121.5534094,winter,recent_change,-12.4896393,-7.619653859,-4.091007145,-18,risk,risk
0.660971034,0.271955618,0.023338541,0.013734806,0.03,841.2349062,10.05486772,9.162835234,3.043631805,24.24803774,6.034639883,50.6542623,A,149.7382634,winter,mixed,-10.28347105,-5.880681907,-5.096662616,-18,risk,risk
0.643722349,0.261070569,0.030265475,0.034941607,0.03,838.3111375,9.779224163,9.791629063,1.897302654,25.03325461,9.605676455,51.1715987,A,98.51678299,winter,clean,-10.79636407,-6.348847785,-2.687556604,-18,risk,risk
0.542293515,0.281858627,0.138635098,0.00721276,0.03,846.9281963,8.73938561,9.400650384,2.297475721,26.75920267,8.859815801,45.74460585,A,111.1193192,winter,clean,-9.024489383,-5.171041057,-2.735406566,-18,risk,risk
0.732858537,0.13480229,0.067147395,0.035191778,0.03,838.46393,10.07636941,9.083090852,2.63644466,24.26383279,5.815373344,48.66700726,B,280.1944388,winter,recent_change,-22.25595166,-17.61092667,-15.71309042,-18,caution,caution
0.838431422,0.019362883,0.064925566,0.047280129,0.03,833.8455548,11.5267305,8.762693876,1.861678938,22.6324095,5.240821735,51.6182356,B,123.7999117,winter,clean,-24.02155006,-20.21926798,-18.81962932,-18,normal,normal
0.538474177,0.253141951,0.133740468,0.044643403,0.03,843.1926485,9.708705829,8.635045384,2.414673463,25.6252607,9.981604851,48.14974135,B,228.4682189,winter,clean,-22.95386799,-20.87521476,-16.69153064,-18,normal,normal
0.635839631,0.14636362,0.17247327,0.015323479,0.03,846.2634352,9.106998761,9.576177758,2.774754513,24.15208227,8.229742967,49.13930609,A,305.3530024,deep_winter,clean,-15.07568785,-10.08660363,-6.184179824,-23,risk,risk
0.598011767,0.151365296,0.195253262,0.025369674,0.03,846.0842362,9.276171789,9.650194737,1.875967785,27.63810539,7.855162103,46.95171391,B,297.2421003,winter,clean,-17.74934114,-13.87104533,-10.30467553,-18,risk,risk
0.546219293,0.226472242,0.110346222,0.086962243,0.03,839.4416557,10.09303872,8.63301048,2.119662811,24.16132839,6.631142182,48.89287631,B,146.4204938,winter,clean,-22.97671963,-20.27480235,-17.1132392,-18,normal,normal
0.778434146,0.080317834,0.08776507,0.023482949,0.03,839.2062115,10.62733463,9.615192132,1.862966751,23.53441293,6.275939717,50.2004656,C,171.8862193,winter,recent_change,-17.6971083,-13.53653322,-12.1944857,-18,risk,risk
0.667808934,0.209827344,0.001230622,0.091133101,0.03,834.1031551,10.44652627,9.684064378,2.308226449,22.64495805,5.822604838,49.68041977,A,257.3820798,deep_winter,clean,-19.15373073,-15.5976293,-11.60262862,-23,risk,risk
0.464236133,0.292774485,0.129030391,0.083958991,0.03,843.6103308,9.709571017,8.456816407,2.528668807,28.83853122,7.775435639,48.2366293,A,250.8425904,winter,recent_change,-16.15623818,-14.0042822,-8.854900892,-18,risk,risk
0.465163059,0.273806655,0.177334478,0.053695807,0.03,848.7796495,9.478957078,8.598913128,2.908412131,28.36798108,9.598036605,45.22206216,A,51.72363428,winter,clean,-5.181095547,-0.35367132,1.748702575,-18,risk,risk
0.481364727,0.282364248,0.140304977,0.065966049,0.03,847.4524169,9.533040149,9.356091875,2.3157509,26.90649679,8.196335381,45.82341664,B,171.2089009,winter,clean,-19.64919753,-17.17471433,-10.81306977,-18,caution,caution
0.779661724,0.06106215,0.095839454,0.033436672,0.03,836.3940411,10.25763062,6.659541201,1.945832294,26.05363535,5.423901909,49.11826407,A,170.8561607,winter,clean,-20.25213835,-17.55431443,-11.32982606,-18,caution,caution
0.722827609,0.142182971,0.02685249,0.07813693,0.03,832.0425067,11.64492064,9.503341514,1.855283962,21.90366258,8.345338459,50.18403926,B,430.9344544,deep_winter,clean,-26.41461562,-21.70840005,-19.89218575,-23,caution,caution
0.684923668,0.098171963,0.097419113,0.089485256,0.03,836.2253861,11.57670152,8.071542431,2.657989266,26.24443261,9.768436661,48.6796356,C,335.1213887,winter,mixed,-25.11410393,-23.05220096,-18.82534258,-18,caution,caution
0.52953272,0.213012515,0.169493847,0.057960918,0.03,845.2790012,9.381233679,9.179483445,2.639838466,27.39202767,6.026210496,46.97582049,A,185.7811544,winter,clean,-11.56320181,-8.258443821,-4.229404157,-18,risk,risk
0.662822798,0.155104715,0.098963837,0.05310865,0.03,837.8814131,9.43148839,8.345769383,2.659517825,22.41125604,5.445372392,49.82914581,C,308.5816644,deep_winter,clean,-23.26032902,-20.13511517,-15.93747372,-23,caution,caution
0.713689602,0.082263717,0.133875652,0.040171029,0.03,839.1418077,9.88528711,8.865140336,1.514757096,24.4483291,5.379527249,49.70369915,A,127.6867734,winter,mixed,-15.73341122,-10.85998128,-6.949791028,-18,risk,risk
0.773905832,0.078625445,0.060394196,0.057074528,0.03,835.7149708,11.73025231,9.869200872,1.592716181,23.99262204,5.210366867,50.26604461,A,221.991623,winter,recent_change,-20.07253846,-17.41031644,-13.76320599,-18,caution,caution
0.653935679,0.121037841,0.160335209,0.034691271,0.03,846.5407811,10.35767274,9.20345923,2.437247803,25.2885489,5.5077931,45.22342558,A,137.9504192,winter,recent_change,-10.66715368,-6.499380647,-4.418473118,-18,risk,risk
0.538688253,0.271599034,0.089950266,0.069762447,0.03,844.3336456,10.93741105,8.964109885,1.94845063,26.26125612,9.269888626,50.06671252,A,364.9436286,deep_winter,clean,-19.3176573,-14.59312199,-14.23568313,-23,risk,risk
0.715166627,0.171183696,0.037819701,0.045829976,0.03,834.4669024,10.637878,10.22386294,1.359895767,23.4395992,9.065666598,51.08000293,A,381.7638326,deep_winter,recent_change,-20.54700228,-16.08066878,-12.23160498,-23,risk,risk
0.475373033,0.26319254,0.155398321,0.076036107,0.03,841.4487406,9.181868886,7.941232136,2.438569425,26.68274238,8.89906126,49.83847906,A,251.9268274,winter,clean,-13.60532774,-9.402194664,-6.600207059,-18,risk,risk
0.743320995,0.173087977,0.015316477,0.03827455,0.03,833.5202605,10.25480993,10.43699617,1.769438135,21.12760152,5.917883411,51.35071898,A,167.2863535,winter,clean,-15.26144599,-12.43075449,-9.055671583,-18,risk,risk
0.831333666,0.064367358,0.012690552,0.061608424,0.03,830.8407742,10.50529262,9.618945096,1.723299724,23.44966472,6.725584786,52.11752056,C,67.39450646,deep_winter,recent_change,-12.87486994,-10.13589716,-5.458295819,-23,risk,risk
0.554224312,0.191262407,0.132580314,0.091932967,0.03,840.868837,9.955483913,8.374712306,2.418493559,23.46422279,9.782312463,50.13924308,A,107.9121217,winter,recent_change,-14.55907895,-10.33089195,-9.437088635,-18,risk,risk
0.580435023,0.298741038,0.051603981,0.039219958,0.03,839.9120647,9.279301673,9.627242495,2.644433446,24.97783223,6.150247035,50.59787683,B,119.6484748,winter,clean,-16.66792881,-13.48904907,-10.1137862,-18,risk,risk
0.748652353,0.031876164,0.188728127,0.000743357,0.03,842.7433266,10.52613884,8.993843766,1.873465206,26.6199851,5.827012569,47.28942039,A,208.2588181,deep_winter,clean,-14.99875347,-12.74363888,-7.894967547,-23,risk,risk
0.831022886,0.104527225,0.026479026,0.007970862,0.03,835.5544184,11.00623038,9.347245773,2.462897128,23.3276236,8.761457317,49.97832357,none,0.0,winter,recent_change,-2.066255656,0.934886213,6.691988589,-18,risk,risk
0.481011517,0.234686465,0.158531311,0.095770706,0.03,846.2839706,10.5752379,8.936358317,2.476075043,26.43287176,5.04158158,46.6395984,none,0.0,winter,mixed,-1.822244843,1.337189621,4.8618929,-18,risk,risk
0.742666002,0.003018633,0.150179841,0.074135523,0.03,836.207045,12.10859995,7.677541399,2.714940123,25.93583282,5.328789396,48.46180939,none,0.0,deep_winter,clean,-9.770087738,-6.289840511,-3.558433311,-23,risk,risk
0.656343522,0.191950839,0.034243265,0.087462375,0.03,836.1967351,12.53639315,10.50914354,2.554424104,23.44521948,7.435734425,50.09700511,none,0.0,deep_winter,clean,-3.608533348,-0.554920144,4.564211723,-23,risk,risk
0.806850418,0.007465215,0.081630127,0.07405424,0.03,834.8698371,11.33728825,9.026070825,1.867137633,21.90333431,8.041803497,50.73914825,A,125.9065053,winter,clean,-20.05878565,-15.26262188,-12.17907422,-18,caution,caution
0.760531033,0.037096073,0.140880509,0.031492386,0.03,837.7334363,10.38855181,7.943401446,2.184515498,24.91390296,9.033579566,49.54265416,A,116.9160663,winter,clean,-17.56967959,-12.92375244,-11.1699726,-18,risk,risk
0.748814169,0.052592977,0.086060442,0.082532412,0.03,837.6770745,11.46428884,9.012393058,2.053606292,22.79589411,9.405567594,47.95701776,B,349.2445493,winter,recent_change,-28.48795153,-25.57341113,-21.78567997,-18,caution,caution
0.735159194,0.024746762,0.111368367,0.098725677,0.03,836.9790835,11.26194465,8.028794735,2.293775107,23.536251,6.840374236,48.96448509,A,117.5919119,winter,clean,-20.24058532,-17.16072698,-12.39221626,-18,caution,caution
0.530999968,0.255371856,0.096788691,0.086839484,0.03,840.4354855,8.9938829,9.393596792,1.519126483,26.0683827,8.223513736,48.87392118,A,298.2931507,deep_winter,clean,-20.51588414,-17.62162561,-13.12683638,-23,risk,risk
0.442264517,0.265401547,0.176344027,0.085989909,0.03,847.5973569,9.242090955,9.464255152,2.847518904,26.37899169,5.296584841,46.86216884,A,303.9081368,deep_winter,clean,-15.30086152,-12.2166069,-7.525352473,-23,risk,risk
0.755485938,0.040794806,0.089832781,0.083886475,0.03,837.0359998,9.705545925,8.845507553,2.019635487,24.45627865,5.885093957,47.48713383,A,370.2666665,deep_winter,recent_change,-23.7436518,-20.6877232,-18.71524692,-23,caution,caution
0.71145136,0.160099488,0.054096709,0.044352443,0.03,837.299278,9.679102604,8.646268739,2.145163477,23.61623807,9.757057038,47.04801718,A,301.9720087,winter,clean,-22.16077433,-18.12299897,-15.93871017,-18,normal,normal
0.529547723,0.159524713,0.194435473,0.086492091,0.03,845.8025227,10.36378916,8.662086035,1.280097093,28.54241599,7.628048718,46.97219216,A,313.6213182,deep_winter,recent_change,-17.45367579,-13.24392439,-9.235432385,-23,risk,risk
0.697308796,0.049262336,0.137574691,0.085854177,0.03,835.9472639,10.64553361,8.237839971,2.800233005,24.54506269,7.071660306,48.96534353,B,78.19890145,winter,recent_change,-18.77848728,-16.40610594,-12.78299687,-18,caution,caution
0.596820252,0.205235783,0.071457173,0.096486791,0.03,840.0375781,10.31322338,9.023559033,2.252401429,24.0994259,6.340913318,50.21749586,C,50.47225317,winter,mixed,-9.165775989,-6.146069342,-3.611016292,-18,risk,risk
0.536984733,0.200482132,0.135771859,0.096761276,0.03,844.0338995,9.751276628,8.841150242,2.862876277,23.54511013,5.185470591,46.83163563,A,352.3330849,deep_winter,recent_change,-19.6230342,-17.46440632,-11.95363075,-23,risk,risk
0.775616725,0.078016322,0.047862884,0.068504069,0.03,833.5923521,11.10242421,7.530834262,1.900991334,21.04307283,6.702556546,48.95292723,B,379.9945073,deep_winter,mixed,-26.8357059,-22.85494475,-20.52712551,-23,caution,caution
0.805532032,0.038874477,0.054888788,0.070704703,0.03,833.4061017,11.90389313,10.09969314,1.354069024,23.9279129,8.167227006,50.84135477,C,67.01622973,winter,clean,-14.12951501,-10.27808184,-6.548233691,-18,risk,risk
0.800094767,0.026837819,0.093960434,0.04910698,0.03,833.1797753,10.2741175,9.324353346,1.997459275,21.48297612,6.390488728,50.7916954,B,394.6819884,deep_winter,clean,-29.89025979,-26.52492554,-23.68547534,-23,normal,normal
0.625749355,0.243508038,0.09455928,0.006183328,0.03,839.0585248,8.920911663,9.340870454,2.86569046,23.97413999,9.748972593,48.65306064,A,310.0316702,winter,mixed,-14.56514965,-12.55775353,-5.863267733,-18,risk,risk
0.751022251,0.178277363,0.02151722,0.019183167,0.03,834.5867546,10.21380814,8.718591986,2.291287356,22.00601101,8.607750101,49.30376498,C,412.0585811,winter,clean,-23.94647969,-21.09524254,-18.32840033,-18,normal,normal
0.727754014,0.008959498,0.180526799,0.052759688,0.03,843.2021775,11.6476463,8.244376594,1.309412872,27.83066711,7.75096634,47.27886844,B,436.3108528,deep_winter,recent_change,-22.51038204,-18.39248872,-16.09996869,-23,risk,risk
0.603367123,0.187910446,0.168525954,0.010196477,0.03,847.221241,9.314583972,7.681907285,2.687467805,27.57712694,7.23450867,48.0374973,A,68.04786135,deep_winter,recent_change,-5.926776507,-2.883904843,-0.119782489,-23,risk,caution
0.752643438,0.147813063,0.050863089,0.01868041,0.03,838.7745963,8.954007756,8.483464402,1.829559732,23.11096266,9.106210257,49.71755446,B,165.2029784,winter,clean,-22.58659487,-19.35968019,-14.00740868,-18,normal,normal
0.585209125,0.182836857,0.116737143,0.085216875,0.03,839.5572116,10.84880481,9.378805678,2.063916051,24.86536369,9.036316725,48.90513673,A,348.9335028,winter,clean,-22.35170573,-18.14329537,-14.22798299,-18,normal,normal
0.508060187,0.223622691,0.163125442,0.07519168,0.03,842.369616,9.896112066,9.482017133,2.01592914,27.29933509,9.195578392,45.71766582,A,406.5881111,deep_winter,recent_change,-16.51459235,-14.07998459,-9.425366043,-23,risk,risk
0.593238363,0.216294658,0.095246464,0.065220514,0.03,842.8154563,11.05338083,9.307920647,2.791140572,26.02479578,8.371712308,47.87399292,A,322.3988201,winter,clean,-18.65369526,-14.68337506,-13.32546976,-18,caution,caution
0.769824137,0.114419895,0.022544386,0.063211581,0.03,833.416508,11.38204963,10.02314451,1.346849678,21.83992816,6.865481694,52.26586637,A,297.9961435,deep_winter,clean,-22.27649147,-17.55595903,-16.24356629,-23,risk,risk
0.62126983,0.179406621,0.126129017,0.043194532,0.03,841.749234,10.52006651,8.904559219,2.304152693,25.85127091,9.634384345,50.52495019,C,203.4437466,deep_winter,clean,-19.5565677,-16.59238663,-12.56431566,-23,risk,risk
0.743320995,0.173087977,0.015316477,0.03827455,0.03,833.5202605,10.25480993,10.43699617,1.769438135,21.12760152,5.917883411,51.35071898,A,491.2661083,winter,clean,-21.68872321,-16.75741747,-16.66092521,-18,caution,caution
0.737836837,0.17441056,0.01495572,0.042796884,0.03,836.3763153,10.35702091,9.231007564,1.457980941,21.36196833,7.04020538,49.24302146,A,201.0962607,winter,recent_change,-16.88926491,-14.59171621,-11.55853693,-18,risk,risk
0.608936943,0.174698628,0.093183623,0.093180805,0.03,838.2788286,11.21499576,8.038110331,2.357463588,27.84408677,5.685233298,49.24854646,A,490.8859725,winter,clean,-23.87211804,-19.95298637,-18.67457849,-18,normal,normal
0.508410399,0.219430031,0.15037307,0.0917865,0.03,842.3574862,8.236526015,9.548074927,1.897694199,27.66354285,5.884501647,48.4988502,A,261.8618797,winter,clean,-15.21305568,-10.70772023,-8.893455273,-18,risk,risk
0.542172717,0.298492518,0.044988944,0.084345821,0.03,839.4110309,10.63372854,9.030785637,2.352361332,23.29608985,7.279217902,51.01090466,B,465.8958036,deep_winter,recent_change,-23.18946863,-19.28275558,-17.40872737,-23,caution,caution
0.610871582,0.210330303,0.141661462,0.007136653,0.03,846.1812633,9.66673885,10.12032894,2.816240029,27.93218614,8.139737876,47.32751471,C,375.3094641,deep_winter,clean,-22.89417089,-18.12761617,-14.18349099,-23,risk,risk
0.778690047,0.003402472,0.158181357,0.029726123,0.03,838.9266355,9.937904337,9.114190264,1.840858844,25.97209412,9.101199882,48.90769104,C,349.9822483,deep_winter,clean,-20.85388286,-16.46083919,-13.01480137,-23,risk,risk
0.609020941,0.276805094,0.017154663,0.067019302,0.03,836.6799899,9.936409858,10.73185312,2.672734169,23.41242838,6.924642745,49.95311093,A,282.6560113,deep_winter,mixed,-13.68951289,-11.30715912,-7.009551772,-23,risk,risk
0.778135894,0.110779247,0.056701167,0.024383692,0.03,837.8917138,9.180569805,9.473232924,2.395405637,26.65461472,5.185183651,50.77357271,C,260.0507548,winter,recent_change,-21.2860304,-16.54484395,-15.93053301,-18,caution,caution
0.670244528,0.108349149,0.125551564,0.065854758,0.03,840.9813686,9.985178279,9.184164511,2.316787438,25.82197603,8.574979774,48.59474633,A,166.9535067,winter,recent_change,-16.84688692,-14.20353485,-8.599894852,-18,risk,risk
0.804615525,0.094725572,0.010474588,0.060184315,0.03,833.9959252,11.61650087,10.19037265,2.261340029,24.89233148,9.679936459,53.09704754,A,371.4519132,deep_winter,recent_change,-20.51757147,-17.57381741,-13.62557054,-23,risk,risk
0.544675784,0.267024188,0.131460151,0.026839876,0.03,844.7568009,8.617267787,8.374933846,1.781863902,27.89163352,8.667439768,49.02416634,B,310.6041585,winter,clean,-23.24179079,-19.80326607,-16.41162922,-18,normal,normal
0.679435527,0.196157566,0.037964807,0.056442101,0.03,834.593897,11.28273663,9.544167077,1.814259103,22.51023593,8.931168839,48.43597459,C,398.9027806,winter,clean,-25.67196432,-22.19056937,-18.79924424,-18,normal,normal
0.683254295,0.159700043,0.046957695,0.080087967,0.03,835.2657789,10.35900908,8.634677166,2.137360125,25.06176157,8.146215321,50.30327162,B,482.8545961,deep_winter,recent_change,-26.114568,-23.92200273,-20.56133363,-23,caution,caution
0.807792919,0.029962175,0.047507948,0.084736957,0.03,834.8002482,10.8406219,7.930507374,1.515257144,20.40991117,8.039999894,50.01543572,C,153.8690501,winter,recent_change,-21.36563158,-19.07545004,-13.95314172,-18,caution,caution
0.810561566,0.000213134,0.128288706,0.030936594,0.03,839.5000832,10.05326207,8.680787518,1.332902317,24.01023768,7.979337432,49.44912646,A,106.7507237,deep_winter,clean,-18.5254344,-16.01178072,-11.79266145,-23,risk,risk
0.826102262,0.057415326,0.020940467,0.065541945,0.03,833.419376,12.78691178,11.186266,3.031925561,23.74763354,8.69229834,51.50906727,C,258.1632201,winter,clean,-21.9014356,-19.43444558,-14.85918041,-18,caution,normal
0.781264027,0.043844055,0.11718795,0.027703967,0.03,839.0212914,10.43846661,8.250324737,2.149418802,21.17213496,9.600022018,48.09804079,A,498.1065478,deep_winter,recent_change,-24.00938117,-21.65254859,-16.90764578,-23,caution,caution
0.569660666,0.241696016,0.087024248,0.07161907,0.03,838.0746002,11.11487027,7.443890432,1.8372144,25.81491752,7.32831089,47.74344442,B,353.3940181,deep_winter,clean,-28.11008279,-25.64751644,-22.76687245,-23,normal,normal
0.568066164,0.228716442,0.114205419,0.059011975,0.03,841.4973156,10.3486109,8.804530198,2.244294456,25.68864742,6.394523025,48.48222209,C,193.8315187,winter,clean,-18.87110078,-16.67860747,-10.87804992,-18,caution,risk
0.713614693,0.111037712,0.105799951,0.039547645,0.03,840.9892349,10.38446408,9.398350569,1.415514813,25.68358919,6.959008607,49.65819925,A,148.7371794,winter,mixed,-14.52267116,-11.34928693,-8.48818191,-18,risk,risk
0.751485957,0.135064771,0.016101801,0.067347471,0.03,833.3068577,11.51149467,9.488649622,2.321749794,20.65599381,6.164939448,49.06567501,none,0.0,deep_winter,recent_change,-3.125042874,1.67180466,2.395707496,-23,risk,risk
0.526623668,0.170755391,0.173522312,0.099098629,0.03,842.649509,10.60503173,8.209830495,2.051552868,25.66506877,9.986066448,48.89621795,C,493.2574667,deep_winter,clean,-22.55938518,-20.18474048,-17.05622834,-23,risk,risk
0.553544866,0.265954135,0.090875452,0.059625547,0.03,838.0058625,9.237323124,9.058094941,1.990929729,23.77039595,8.84203867,49.1038971,A,79.23723453,winter,clean,-10.13730717,-7.43321945,-4.433679864,-18,risk,risk
0.778283052,0.01526573,0.11798439,0.058466828,0.03,836.5639093,10.20079232,8.599356242,1.647315222,25.09334047,9.164608454,49.90075522,B,485.6426004,deep_winter,clean,-31.03339709,-27.43098324,-22.91027874,-23,normal,normal
0.791037388,0.118962301,0.056551194,0.003449117,0.03,839.4992638,9.51977178,8.731165308,2.445284279,25.74634364,9.744768242,52.53167515,B,482.0100041,deep_winter,clean,-25.53497332,-20.89939287,-20.00511732,-23,caution,caution
0.717407287,0.130028989,0.046603604,0.07596012,0.03,835.5187022,12.86672745,9.634920961,1.693890208,24.48459045,7.134252677,51.27062474,C,420.9106293,deep_winter,recent_change,-27.22510026,-25.1799922,-18.43588395,-23,caution,caution
0.686608814,0.238649987,0.003778696,0.040962503,0.03,837.3732907,10.49628937,9.809939194,2.337288975,25.29458348,9.035544906,49.4556189,A,113.817941,winter,recent_change,-11.99717127,-7.335781479,-5.07336545,-18,risk,risk
0.50315442,0.252016027,0.151352289,0.063477264,0.03,842.8655147,9.450153554,10.05181584,2.107687373,29.29424811,9.084015515,46.61387975,A,320.7303342,winter,recent_change,-12.9643031,-9.388039005,-4.986869972,-18,risk,risk
0.598740624,0.138957631,0.194317638,0.037984107,0.03,845.1128273,9.773509083,7.518569169,1.857788701,25.71080275,9.510825008,46.16448625,B,441.365506,deep_winter,recent_change,-20.89601144,-18.26757471,-15.46127373,-23,risk,risk
0.764931373,0.070328738,0.108035998,0.026703891,0.03,837.7118048,10.45814718,8.544681067,2.100879356,24.27175345,8.813419499,49.01641382,A,345.704052,winter,recent_change,-21.51915826,-17.15305562,-13.47313147,-18,caution,caution
0.674618313,0.017062286,0.19745567,0.08086373,0.03,843.3473555,9.978647075,7.657994615,1.724192922,23.77909638,6.855481473,47.49272377,A,443.2765283,deep_winter,mixed,-20.28441571,-17.25602733,-13.10783618,-23,risk,caution
0.490710127,0.229352799,0.171512498,0.078424575,0.03,847.0088869,10.01195594,9.019163349,2.015096593,27.79103673,9.472318122,47.54422268,B,268.1577668,winter,clean,-19.30482857,-15.60663562,-14.14455384,-18,caution,caution
0.711748418,0.023482649,0.15994369,0.074825243,0.03,837.659756,9.683192505,8.256178801,1.72314925,23.87260087,6.155065862,48.93313998,C,441.089074,deep_winter,clean,-24.43290175,-19.60531,-17.3760696,-23,caution,caution
0.668797363,0.055288655,0.199730651,0.046183331,0.03,842.828049,9.363517014,7.907108198,2.362937328,25.81478798,6.992613152,48.32165314,A,185.4501673,winter,mixed,-13.25230428,-10.72709345,-4.478122593,-18,risk,risk
0.704014296,0.174930747,0.019474282,0.071580675,0.03,835.1889541,11.67814812,8.94014857,1.973334991,23.01600946,8.459480114,50.77777057,A,363.0013626,deep_winter,clean,-22.38443624,-19.24481406,-16.39378149,-23,risk,risk
0.601338625,0.183979078,0.106852252,0.077830044,0.03,840.9575793,11.69318043,9.042869127,1.711989004,23.74368347,5.003957143,48.65933443,C,154.0791664,deep_winter,recent_change,-18.08965958,-13.85095882,-11.02559387,-23,risk,risk
0.447241979,0.254463052,0.191782235,0.076512734,0.03,846.9513021,9.51101107,9.045021091,2.187095158,27.57864718,6.688670015,47.54585107,A,331.954384,winter,recent_change,-12.62964763,-7.790931076,-5.037506964,-18,risk,risk
0.510246847,0.179664515,0.182489327,0.097599311,0.03,842.5300472,9.988751746,7.940305586,1.617588957,27.95927795,7.594924642,48.02922294,B,371.2250651,deep_winter,recent_change,-22.70876989,-17.89577629,-14.06296926,-23,risk,risk
0.512965037,0.180391454,0.186782239,0.08986127,0.03,843.7095153,8.770338495,7.377887261,1.954284596,29.78349072,6.073007439,45.90639616,B,442.6670632,deep_winter,mixed,-20.82680459,-16.12104639,-13.43579475,-23,risk,risk
0.559731351,0.246539563,0.072408171,0.091320914,0.03,839.8591709,9.893819067,10.88251732,2.071161758,25.54338455,7.133815265,49.13625073,A,133.9655532,winter,clean,-14.23365308,-9.961389334,-7.595529042,-18,risk,risk
0.532051293,0.275349208,0.113877419,0.048722081,0.03,842.0034338,7.931692346,8.278894106,2.216883714,26.94794159,5.367224899,49.33916915,A,95.10633278,winter,clean,-13.17362954,-8.34312121,-8.07196812,-18,risk,risk
0.529062142,0.241564137,0.195475306,0.003898415,0.03,850.5893743,9.382228966,10.2389963,2.298179057,29.03383203,9.990758895,48.18082332,none,0.0,winter,clean,0.32416618,3.501418039,5.793483996,-18,risk,risk
0.670664765,0.173958623,0.090509433,0.034867179,0.03,842.1905774,9.918229161,9.071924051,3.276302928,24.95065993,6.447424767,49.28647836,C,396.8263385,deep_winter,mixed,-21.32134433,-17.33577766,-12.40737643,-23,risk,risk
0.562525727,0.232482435,0.124735384,0.050256453,0.03,843.8051347,9.537607405,9.46294445,2.497605457,24.67985895,5.78262823,47.25291747,C,89.99609215,winter,clean,-11.66664392,-7.977390542,-5.448835232,-18,risk,risk
0.648815766,0.228303885,0.08362355,0.009256799,0.03,842.7702931,9.797223729,8.755992319,1.964609867,24.95463677,6.31660229,49.86937178,C,284.0658083,deep_winter,mixed,-18.66737024,-14.89665887,-11.50730503,-23,risk,risk
0.657859324,0.22498658,0.065975239,0.021178857,0.03,841.0921054,10.07911677,10.01314224,2.755092609,26.20964991,6.875713072,49.34666602,A,484.2863817,deep_winter,recent_change,-17.03912392,-14.86896021,-8.813976539,-23,risk,risk
0.484578259,0.285428324,0.192239891,0.007753526,0.03,848.0564328,9.033684604,9.399051409,2.077571045,28.617741,8.733557165,45.58725553,C,326.4971822,winter,recent_change,-13.31030924,-10.48387728,-4.528004693,-18,risk,risk
0.42602651,0.275626999,0.193566705,0.074779786,0.03,850.5376472,9.325643117,9.974573792,2.772367222,28.18213763,9.289996577,47.63060221,C,401.9161033,deep_winter,recent_change,-17.45220471,-12.52420708,-11.25148252,-23,risk,risk
0.741391537,0.069033984,0.156963489,0.00261099,0.03,842.176692,10.23783123,8.918069433,2.638529263,26.11722458,5.645636657,47.02865748,B,218.1067055,deep_winter,recent_change,-16.59079662,-13.59903969,-9.249477969,-23,risk,risk
0.650009241,0.193265597,0.075386088,0.051339074,0.03,841.1017308,9.341675175,8.477966974,1.504116254,25.91376252,9.278714451,49.52231881,B,56.49539117,winter,recent_change,-13.68760204,-9.25267112,-6.584951443,-18,risk,risk
0.503272753,0.262914566,0.113046107,0.090766574,0.03,840.8948398,9.670711708,8.752326852,1.634303952,26.94105466,6.570215279,47.95114402,C,248.4131607,winter,recent_change,-19.96010514,-17.19932572,-13.16852621,-18,caution,caution
0.564590003,0.290780114,0.04912177,0.065508113,0.03,840.7747631,9.050367429,10.5522983,2.261880176,20.7101305,9.311601967,49.25904147,C,311.1169831,deep_winter,clean,-20.74052396,-16.21090973,-13.92739097,-23,risk,risk
0.669691475,0.096286559,0.176703188,0.027318779,0.03,844.0712335,11.44629771,9.430138846,2.099402869,24.51107359,6.948858856,49.50608305,C,185.4647177,winter,clean,-14.7487966,-12.06727875,-8.704584583,-18,risk,risk
0.457433552,0.243328237,0.173910491,0.09532772,0.03,842.3858974,9.079564449,7.823722669,2.353603238,24.53756289,6.729234161,47.28747934,A,291.528609,deep_winter,recent_change,-14.66783678,-11.92149536,-7.183772038,-23,risk,risk
0.63341382,0.212772586,0.092731586,0.031082008,0.03,841.5670342,10.21972083,11.01125177,2.127242086,23.41202378,7.875785469,50.84319632,B,280.4633637,deep_winter,clean,-21.20270569,-18.55476347,-12.85834827,-23,risk,risk
0.6379417,0.215364134,0.105028692,0.011665474,0.03,843.4522722,9.845519502,9.420386467,1.97669498,24.47087216,6.093632368,48.23958187,none,0.0,winter,clean,-0.567531978,2.241806609,4.533646178,-18,risk,risk
0.564294188,0.187649651,0.170222042,0.047834119,0.03,845.2120159,10.11873746,9.095874936,1.696571132,26.35687119,5.309554561,46.52656635,A,222.2443965,deep_winter,clean,-14.3344435,-11.37593759,-5.560347695,-23,risk,caution
0.468011159,0.264169258,0.185172172,0.052647411,0.03,846.4328418,9.564041217,8.569182393,2.477679466,26.36595149,8.827718561,44.7898015,A,246.1617471,deep_winter,clean,-12.61628345,-9.1643771,-4.092251733,-23,risk,risk
0.671116387,0.069643895,0.149866418,0.0793733,0.03,841.0323361,11.44384133,7.634181881,2.076059888,25.37572668,7.230003593,48.73927491,C,129.9120399,winter,recent_change,-19.9101042,-14.99907552,-14.01409234,-18,caution,caution
0.729924597,0.163438484,0.042737816,0.033899102,0.03,837.4094081,11.29234596,10.41797759,2.897716672,23.26799881,8.57560019,51.53993939,A,323.925609,winter,mixed,-16.7150817,-13.14386767,-8.532254296,-18,risk,risk
0.686231332,0.136522972,0.109147519,0.038098177,0.03,839.9209991,10.24202177,9.373703824,2.500494705,24.24424414,6.923391133,50.6369149,B,341.7494439,winter,clean,-24.71683992,-19.91594278,-17.98647946,-18,normal,caution
0.75359137,0.038255248,0.101274135,0.076879247,0.03,834.3913664,11.31233202,7.872679474,2.052909102,21.92215954,9.906666038,50.78084115,B,161.0273054,winter,clean,-25.93135494,-21.32654341,-17.55223364,-18,normal,normal
0.545546866,0.270807698,0.075699105,0.077946331,0.03,840.3258716,9.506557655,8.718204388,2.429247276,24.75718637,6.31778621,48.08466627,C,303.1515963,deep_winter,clean,-21.24203503,-17.47615608,-12.42727211,-23,risk,risk
0.528898034,0.276155588,0.119946915,0.044999463,0.03,843.3780088,7.518914928,9.034452388,1.884376048,23.76988259,7.946090853,49.24283565,A,55.7523254,winter,clean,-8.519327735,-4.46929131,0.0763811,-18,risk,caution
0.676600201,0.182028907,0.090375653,0.020995239,0.03,838.8991388,9.636051642,9.842453462,3.086610574,26.23609907,6.787502349,50.18640535,C,246.9277129,deep_winter,mixed,-16.26976935,-11.42080236,-11.2109693,-23,risk,risk
0.810561566,0.000213134,0.128288706,0.030936594,0.03,839.5000832,10.05326207,8.680787518,1.332902317,24.01023768,7.979337432,49.44912646,A,342.0601167,deep_winter,clean,-24.64978707,-22.52598237,-17.02997075,-23,caution,caution
0.797953354,0.049007205,0.049051553,0.073987887,0.03,833.7932782,10.33606978,9.430089874,2.382595299,23.95627696,9.03771375,51.07889085,C,335.0649508,winter,recent_change,-25.76021933,-21.08430883,-20.01508713,-18,caution,caution
0.544178596,0.209744776,0.177902075,0.038174552,0.03,846.7392951,9.208169639,9.107186317,1.75114172,28.30802926,9.607158667,46.56589221,A,407.0144385,deep_winter,clean,-14.5301462,-9.546930298,-6.265410939,-23,risk,risk
0.734270598,0.099591511,0.129542848,0.006595044,0.03,839.8303524,10.22766246,8.866923779,2.697755064,28.16136779,5.073616061,47.15990563,B,83.72571544,winter,mixed,-13.92798754,-9.685093557,-4.968054421,-18,risk,risk
0.591377502,0.105413532,0.182049222,0.091159743,0.03,842.7726399,9.119429405,7.887873411,2.105843161,25.85474319,6.305773607,47.48619313,B,209.4002157,winter,recent_change,-20.74427967,-18.29286331,-12.77061271,-18,caution,caution
0.77500362,0.134421651,0.029174803,0.031399926,0.03,837.3280477,10.85726308,9.643014585,2.019720191,24.10523484,9.972642473,49.46195127,A,371.3877474,deep_winter,clean,-19.75405828,-17.58264416,-12.81890793,-23,risk,risk
0.704239048,0.112078108,0.074780856,0.078901988,0.03,835.3500583,9.195239955,7.686890145,1.831335843,21.4775669,8.58287778,51.05325537,B,259.4559757,winter,recent_change,-28.32683736,-23.8823274,-21.52536211,-18,caution,caution
0.625165477,0.24296032,0.009931997,0.091942206,0.03,832.4486001,10.88977892,9.911241355,2.644575055,22.31688174,5.136622206,50.34541177,B,296.69066,winter,clean,-24.01896643,-20.25762609,-17.50187484,-18,normal,normal
0.839421309,0.083894014,0.037614109,0.009070568,0.03,835.4770463,10.7985291,9.675262957,1.381040207,23.64580036,9.6959649,51.38738424,A,214.0545866,winter,clean,-20.06868239,-15.37059866,-11.20155679,-18,caution,caution
0.681827477,0.194884192,0.014058764,0.079229567,0.03,831.4834984,12.14562786,10.6056421,2.618966701,20.32307154,7.56342401,51.61640217,B,269.4204718,deep_winter,clean,-22.54460039,-18.31845578,-16.27020633,-23,risk,risk
0.548750803,0.184507824,0.193677488,0.043063884,0.03,846.9149765,9.339311616,9.397716489,1.56366597,29.97895694,7.1926955,47.11028236,B,305.7113295,deep_winter,recent_change,-16.74645385,-13.36523955,-10.2515515,-23,risk,risk
0.499532132,0.263844607,0.187149254,0.019474006,0.03,849.5208908,7.025102501,9.264584098,2.454745951,26.67560605,7.691447672,46.318502,A,390.1846251,deep_winter,clean,-12.1709503,-8.51747356,-6.11175378,-23,risk,risk
0.588168329,0.252952242,0.035576719,0.09330271,0.03,836.8314788,10.20307694,9.536084204,1.506422897,23.34749575,8.193773846,49.63875257,B,208.3968658,winter,recent_change,-23.7528482,-20.61851076,-18.20288326,-18,caution,caution
0.797953354,0.049007205,0.049051553,0.073987887,0.03,833.7932782,10.33606978,9.430089874,2.382595299,23.95627696,9.03771375,51.07889085,C,90.68609903,winter,recent_change,-15.17319845,-10.82607945,-7.295431382,-18,risk,risk
0.708506269,0.109970957,0.087899023,0.063623751,0.03,838.2584907,12.4831433,9.283820973,2.327592699,24.55347145,7.842586405,50.73728123,C,246.2965775,winter,clean,-22.17993549,-19.10539954,-14.75363429,-18,normal,normal
0.528698456,0.291688575,0.144474158,0.005138812,0.03,849.4964918,8.979223843,10.20764416,2.717671419,28.05291536,6.313605105,44.54582781,A,244.5947071,deep_winter,recent_change,-12.4136754,-10.24486112,-3.975642438,-23,risk,risk
0.479040751,0.274989537,0.199361552,0.01660816,0.03,851.1032728,8.483543066,9.537183253,2.547624468,30.09133031,8.137579591,45.76989995,A,52.75492093,winter,mixed,-3.409424449,-0.895524299,1.908778586,-18,risk,risk
0.716156508,0.0870573,0.101746046,0.065040145,0.03,837.1970106,9.859701867,8.283252275,1.841357113,24.02543181,6.577660823,48.56777244,A,153.2886094,winter,mixed,-17.80185064,-14.35193522,-10.83697041,-18,risk,risk
0.483118888,0.224580258,0.184874633,0.077426221,0.03,846.3369827,10.04963059,8.179262414,1.728356193,25.98017177,5.815814389,47.02877997,none,0.0,winter,clean,-5.579787894,-1.579594161,-0.325875017,-18,risk,risk
0.71145136,0.160099488,0.054096709,0.044352443,0.03,837.299278,9.679102604,8.646268739,2.145163477,23.61623807,9.757057038,47.04801718,A,87.02177008,winter,clean,-13.32472361,-8.599673421,-6.87770844,-18,risk,risk
0.735355677,0.1272816,0.034462231,0.072900492,0.03,834.6520261,10.25136059,9.482741487,1.789447525,21.82269367,7.796692151,53.23572359,A,394.5818236,deep_winter,mixed,-20.97691305,-18.79329297,-14.34802389,-23,risk,risk
0.450564119,0.296614352,0.192458011,0.030363518,0.03,850.7266835,9.076586207,10.16274979,2.023773505,29.31449584,9.296036057,46.68769757,A,295.7715055,deep_winter,recent_change,-10.44852315,-7.216853106,-4.310021273,-23,risk,risk
0.761437909,0.057849101,0.101648128,0.049064862,0.03,836.5817876,10.34371133,9.86423308,1.785508615,20.77189909,9.467086849,51.04646989,A,424.2649439,deep_winter,recent_change,-21.96744387,-17.33467212,-14.51928716,-23,risk,risk
0.580017379,0.158992389,0.198487023,0.032503209,0.03,848.855595,8.36262634,8.030514508,2.778931467,26.41582239,6.968495131,45.69015611,C,50.6592752,winter,clean,-6.889605907,-3.6470598,-1.240189624,-18,risk,risk
0.669124252,0.225761925,0.007544788,0.067569036,0.03,834.5933253,11.05910649,8.700595759,1.660859759,22.71143674,8.621909973,50.64950756,A,228.6411295,deep_winter,clean,-19.62288692,-16.83282069,-13.59834439,-23,risk,risk
0.614000115,0.275014192,0.059002478,0.021983215,0.03,839.90686,9.48731841,9.703048078,2.689598373,25.94848191,6.337230222,49.08408899,A,348.9883493,deep_winter,recent_change,-15.58228278,-12.06954255,-10.10647265,-23,risk,risk
0.656172622,0.131755902,0.106337642,0.075733834,0.03,840.1682274,10.56966999,9.749305352,1.699357414,26.45936461,9.685106948,49.53822345,C,61.1111765,winter,recent_change,-10.99361906,-6.404617531,-5.029681693,-18,risk,risk
0.592099344,0.189205604,0.097737439,0.090957612,0.03,839.1983923,10.12153487,7.911156327,2.029371097,22.77312555,8.392508695,50.13399575,B,462.8131881,deep_winter,mixed,-26.70213876,-22.47728008,-21.12838996,-23,caution,caution
0.692269653,0.086975012,0.166994104,0.023761231,0.03,843.7418526,9.041203579,9.048017886,1.63412047,26.33660723,8.684943018,49.04503272,A,310.8951306,winter,clean,-18.1824928,-13.69612154,-11.83454375,-18,caution,caution
0.486998331,0.255039657,0.14366773,0.084294282,0.03,840.7291481,9.67558813,7.183714146,2.170192078,24.12513448,8.907681259,46.85751341,B,420.0883353,deep_winter,recent_change,-26.16863367,-23.94729318,-19.85175868,-23,caution,caution
0.761312339,0.004472716,0.12790236,0.076312585,0.03,836.1760289,12.28136161,8.035448537,1.472159641,25.85056548,6.227549514,47.24977274,C,211.8299803,winter,mixed,-22.89579161,-18.45900851,-16.1355114,-18,caution,caution
0.562395619,0.272736072,0.11960597,0.015262339,0.03,846.7204905,8.745534651,9.898104852,2.83802367,26.28489824,8.804955452,47.80296856,C,263.3577376,winter,mixed,-15.59965351,-10.68755681,-6.629042433,-18,risk,risk
0.568282068,0.207663698,0.155326509,0.038727725,0.03,846.7933792,8.756442843,8.266492953,2.022380408,27.6621554,5.360535254,47.4767143,A,64.34507507,winter,clean,-7.63856868,-2.656685825,-0.463212851,-18,risk,risk
0.596477325,0.286674475,0.043854819,0.042993382,0.03,840.5423173,9.758657115,7.719865356,2.056624366,24.74309717,8.135870364,50.77429584,A,397.8298112,deep_winter,mixed,-16.22577838,-13.97438653,-9.716150957,-23,risk,risk
0.577439063,0.183701194,0.186987952,0.021871792,0.03,848.0431084,9.595866501,8.507369078,1.830195788,27.25911224,6.146714598,47.18660075,C,288.4830975,deep_winter,clean,-16.53410411,-11.68544806,-10.23129568,-23,risk,risk
0.610213904,0.257481709,0.005263182,0.097041205,0.03,835.4018323,9.917979289,9.581050784,2.932560658,23.38975941,6.962518486,51.11943615,A,498.3724316,deep_winter,clean,-19.9373066,-17.21034966,-12.31668541,-23,risk,risk
0.597701033,0.220573328,0.087279563,0.064446076,0.03,841.2837518,10.51273821,10.61849044,2.041843539,24.16775804,8.04374779,49.47273336,C,246.7462939,deep_winter,clean,-20.88071025,-15.97408256,-12.59141601,-23,risk,risk
0.770446901,0.135730195,0.027220762,0.036602142,0.03,833.1680102,10.79426635,9.463904195,1.400500265,25.54713895,6.177397526,49.33170735,C,468.9629067,deep_winter,clean,-27.34114197,-22.87665773,-20.49509767,-23,normal,normal
0.51039349,0.290231715,0.16803486,0.001339935,0.03,850.5059011,8.431278088,8.192632009,2.234825342,26.95048502,6.652014859,45.05306644,A,252.24199,winter,recent_change,-11.23226643,-8.169604497,-3.367345379,-18,risk,risk
0.71130791,0.089188155,0.093810968,0.075692966,0.03,836.7321014,9.67610843,9.455132509,1.601349847,24.3978786,5.724972523,49.02640388,A,115.7324803,winter,recent_change,-15.27351305,-12.88155008,-8.351796232,-18,risk,risk
0.741939881,0.032073644,0.147595818,0.048390656,0.03,839.6063533,12.4880047,9.257290303,2.280704154,25.68073938,9.777984903,49.81502449,C,122.2719422,winter,clean,-18.12410583,-15.13703355,-9.816878338,-18,caution,caution
0.584890921,0.141786091,0.161861423,0.081461565,0.03,840.7541965,10.67122672,8.602305714,2.148361197,25.04866864,7.27113639,48.37200017,B,260.0226691,deep_winter,clean,-20.81660311,-17.31705694,-13.3214916,-23,risk,risk
0.740478783,0.002738424,0.138763133,0.08801966,0.03,838.1906875,11.05175616,7.764309719,1.976555127,23.58120334,5.300311979,47.64774649,B,422.5370801,deep_winter,recent_change,-30.32718072,-27.80365751,-25.21205353,-23,caution,caution
0.699884816,0.018498626,0.16534062,0.086275938,0.03,837.9465311,12.26297698,7.628890197,1.850758797,24.82840271,6.322036092,47.15461605,none,0.0,deep_winter,recent_change,-7.192067512,-3.782094844,0.348566683,-23,risk,risk
0.535915851,0.235182486,0.178425369,0.020476294,0.03,846.0981182,8.54949541,10.07163317,2.36219291,28.70019677,6.325273788,47.63463437,C,219.1697738,deep_winter,recent_change,-10.75654504,-7.402800786,-3.830987089,-23,risk,risk
0.686947911,0.097719841,0.097586206,0.087746042,0.03,836.8475056,11.51902193,9.269118899,1.76432302,24.92612988,9.675402028,48.93164271,none,0.0,winter,mixed,-4.4822993,-1.707963259,1.767087225,-18,risk,risk
0.746180589,0.011398294,0.168135442,0.044285675,0.03,841.9647445,10.33976215,8.392045424,1.696931064,27.04556294,7.921698544,47.03796675,B,347.6905025,deep_winter,clean,-22.51882725,-18.12536599,-13.60011448,-23,risk,risk
0.57505617,0.27339001,0.10858998,0.01296384,0.03,843.0537374,8.617661912,10.23334823,2.656478028,27.7616658,9.223135914,48.90120328,C,100.8772021,winter,clean,-9.447711447,-4.790965905,-2.711714576,-18,risk,risk
0.752540809,0.10678105,0.064099057,0.046579085,0.03,838.0495512,10.65047448,9.009347634,1.740646795,24.18502238,5.561820002,51.54015207,A,396.0206336,deep_winter,clean,-24.458973,-19.70475386,-17.69651949,-23,caution,caution
0.753184198,0.01216843,0.177553818,0.027093555,0.03,841.5313753,10.16624075,9.482022599,1.990054587,24.80115553,5.228419627,47.34747363,A,463.6834122,deep_winter,recent_change,-17.83514483,-13.86573332,-12.62588679,-23,risk,risk
0.59252786,0.204099352,0.114982116,0.058390672,0.03,839.9673854,9.849824018,9.374648976,1.9143239,26.54843748,9.446898545,48.14660081,A,205.2599844,winter,mixed,-16.51675464,-13.29763679,-10.65689124,-18,risk,risk
0.676131828,0.164490737,0.115380686,0.013996749,0.03,843.0184727,9.000764594,8.719218049,2.027113725,26.36917464,7.738929811,49.11471847,A,243.9940521,winter,clean,-18.80309845,-15.17767332,-12.47366139,-18,caution,caution
0.759103677,0.129737401,0.062557659,0.018601263,0.03,837.2169277,10.27610601,9.788859891,1.923240798,25.55577274,9.444292554,49.62494873,A,427.386101,deep_winter,recent_change,-20.03848585,-17.23165302,-12.07052043,-23,risk,risk
0.672796596,0.08429982,0.197760222,0.015143363,0.03,844.7373185,10.91904343,8.578510401,2.194179955,26.5172703,8.92048858,46.82442072,none,0.0,winter,recent_change,-4.332998164,-0.590552413,2.693589551,-18,risk,risk
0.770546923,0.117272553,0.001176989,0.081003535,0.03,832.4760082,12.16646398,8.809123379,2.452261385,21.64192397,7.82706171,50.29772561,A,273.1309403,winter,clean,-21.14134718,-18.55419863,-13.18882899,-18,caution,caution
0.698984244,0.088175033,0.158559383,0.02428134,0.03,841.7936651,9.337545417,8.484004594,2.420280783,28.24492529,7.790392284,48.36837205,A,283.5975821,deep_winter,clean,-15.46769057,-10.94028944,-7.643088113,-23,risk,caution
0.822170359,0.009077463,0.091167323,0.047584855,0.03,837.2781185,10.05465233,8.372110973,2.853395831,21.42554251,6.138600294,50.28386345,A,331.6601903,deep_winter,clean,-23.68107561,-21.44360575,-14.85682304,-23,caution,caution
0.836085478,0.021708574,0.021842861,0.090363087,0.03,828.6098479,12.05283595,8.274363176,1.792152314,20.83290939,7.099451374,52.170506,C,373.8091598,deep_winter,recent_change,-29.25849298,-26.57374875,-22.21158379,-23,caution,caution
0.552194715,0.192561169,0.179022341,0.046221774,0.03,845.0408045,8.932072922,8.838289719,2.420994165,27.04741641,7.048294003,45.95152221,C,306.5848652,winter,recent_change,-16.2159842,-12.36710679,-8.582725685,-18,risk,risk
0.607140992,0.298345892,0.013956649,0.050556467,0.03,839.0427237,10.55910986,9.384117168,2.374115258,24.31816861,6.492921224,51.57999246,C,275.2013386,deep_winter,clean,-18.15324232,-14.49678242,-9.480358851,-23,risk,risk
0.474378951,0.249626348,0.167524477,0.078470225,0.03,845.6284627,9.448377701,10.285367,2.048212764,27.13070197,7.943872853,46.66947412,A,345.4693744,deep_winter,clean,-13.21645989,-10.55189585,-5.918341694,-23,risk,risk
0.740494699,0.101295877,0.039066022,0.089143403,0.03,831.6880938,10.69440992,9.846180666,2.524859988,25.56089478,5.245611514,50.51214739,C,287.8411654,winter,mixed,-22.73293929,-18.53400709,-15.95252884,-18,caution,caution
0.601338625,0.183979078,0.106852252,0.077830044,0.03,840.9575793,11.69318043,9.042869127,1.711989004,23.74368347,5.003957143,48.65933443,C,313.4177657,deep_winter,recent_change,-25.61891883,-22.40383426,-17.81501479,-23,caution,caution
0.550396451,0.2288478,0.158367086,0.032388662,0.03,846.3333357,9.682063866,8.962356123,1.778527631,28.31105682,9.019072394,47.0959687,C,491.7903126,deep_winter,mixed,-16.8141986,-14.63912283,-8.568321313,-23,risk,risk
0.688144696,0.178477243,0.013456809,0.089921252,0.03,835.4091909,10.50699473,9.091452707,2.195398252,22.00817075,8.919420476,49.13466212,C,263.9393943,deep_winter,clean,-21.13458804,-19.088162,-13.48608806,-23,risk,risk
0.575506998,0.193117107,0.155965289,0.045410606,0.03,843.8193652,9.780341187,8.598542544,1.966485796,26.61612853,5.22014348,47.09205521,B,255.3774987,deep_winter,clean,-19.24213787,-15.37160645,-14.23647297,-23,risk,risk
0.654407471,0.245966352,0.046419617,0.023206559,0.03,837.56834,9.772190845,9.94349326,2.658198434,24.10736868,5.532746137,49.41445898,A,308.8723989,winter,clean,-17.0946522,-12.77431728,-11.39016446,-18,risk,risk
0.650446627,0.138082404,0.102028434,0.079442535,0.03,837.0154173,10.63505041,8.259915938,1.68049055,24.58474208,7.888159558,47.60702527,A,278.9469284,deep_winter,mixed,-18.9562657,-14.60988129,-10.53983283,-23,risk,risk
0.450420487,0.278904662,0.162314834,0.078360017,0.03,846.9769991,10.08929051,8.903673915,3.070059506,25.14440064,9.115952655,46.99586123,C,246.8110938,deep_winter,clean,-14.20467235,-10.88013789,-7.238747304,-23,risk,risk
0.847767805,0.036254856,0.005079074,0.080898265,0.03,828.9314354,12.74329903,9.534507604,2.137236393,22.93537088,5.269151652,51.25983851,C,122.8632925,winter,clean,-19.36467367,-16.93606847,-14.11274463,-18,caution,caution
0.716404041,0.006566847,0.156883998,0.090145114,0.03,835.9726893,10.09193684,7.910051804,1.990226789,23.91163066,6.516883416,49.00023884,C,283.0206054,deep_winter,mixed,-20.85776672,-16.1953607,-11.95939755,-23,risk,risk
0.534037532,0.219662741,0.139589405,0.076710323,0.03,841.6758338,10.26021987,8.642474204,2.044361979,24.35281221,8.432399193,47.48450981,C,329.7255895,winter,recent_change,-23.13945944,-18.36914783,-16.32196751,-18,caution,caution
0.742873996,0.10573021,0.046123261,0.075272533,0.03,833.6607655,10.53661738,9.25429641,1.71358956,24.09514769,7.880381623,49.88066135,A,430.4188579,deep_winter,mixed,-21.84503859,-17.8687299,-14.30372875,-23,risk,risk
0.743998027,0.073347191,0.150118505,0.002536277,0.03,844.2620611,9.452692002,9.86841973,1.944390817,26.11407205,5.291389875,47.28687539,A,232.5570586,deep_winter,clean,-13.98329307,-9.986390163,-6.542354651,-23,risk,risk
0.482786054,0.29354368,0.164396453,0.029273813,0.03,849.1053558,8.549826925,7.581552305,2.626505636,27.21862608,7.858589843,47.7246427,B,277.0376445,deep_winter,recent_change,-13.64860759,-8.955788343,-7.36945086,-23,risk,risk
0.834897082,0.104942003,0.004168867,0.025992048,0.03,831.9627181,12.22650949,9.67943522,1.610631845,20.61196976,7.061844075,51.15715044,B,211.0485832,deep_winter,mixed,-22.89359274,-19.48796245,-14.3285066,-23,risk,risk
0.734835017,0.162515593,0.026935071,0.045714319,0.03,837.5380461,10.75134994,11.46811243,2.582940614,24.53475902,9.526687484,49.75162977,A,378.615184,winter,mixed,-15.96572869,-13.07896804,-8.571881021,-18,risk,risk
0.827282967,0.079469939,0.002577541,0.060669552,0.03,831.460037,11.88343667,8.170264007,1.813046934,22.0473675,7.396102292,51.21700267,A,215.9058028,deep_winter,recent_change,-21.90045174,-19.29712652,-16.68975961,-23,risk,risk
0.700849598,0.089820281,0.131264508,0.048065613,0.03,837.0345585,9.260814011,8.617760281,1.647026688,24.34990029,7.444579006,49.25347966,none,0.0,deep_winter,clean,-6.3026721,-2.737966372,1.938128075,-23,risk,risk
0.812171626,0.041020308,0.029222286,0.08758578,0.03,830.627156,12.45427869,8.480807195,2.13897672,22.22057916,7.239390719,52.25237042,A,343.3113516,deep_winter,mixed,-23.96479246,-20.33128826,-15.73590992,-23,caution,risk
0.733289727,0.020899338,0.118937856,0.096873079,0.03,837.0137605,11.50195326,7.918735525,1.18503017,25.33909113,5.376673881,50.44109942,A,86.83785726,winter,clean,-18.33271895,-15.90126664,-12.91027502,-18,caution,caution
0.790470365,0.008104376,0.083131763,0.088293496,0.03,831.1913586,10.6883313,8.475484552,1.656905906,20.76737225,7.483708992,49.66852053,A,138.801398,winter,clean,-19.74960416,-15.21205197,-14.51249776,-18,caution,caution
0.696177169,0.222064959,0.04743531,0.004322561,0.03,838.3347006,8.954692923,10.50163522,2.855046215,23.98284544,6.565406684,51.51159368,A,244.4705302,deep_winter,mixed,-11.85096836,-7.682062224,-5.943885754,-23,risk,risk
0.563836017,0.289426706,0.106534406,0.010202872,0.03,844.6493524,7.949609693,9.157360329,2.504068196,24.43650252,9.388390025,48.54589469,C,378.1197493,deep_winter,clean,-20.14531386,-16.58195597,-13.8480717,-23,risk,risk
0.714269247,0.184679866,0.048041316,0.023009571,0.03,837.6845798,11.17740198,10.05421065,2.152065189,24.59623108,6.463381079,49.97262178,C,222.8944237,winter,recent_change,-17.88632411,-14.77475586,-11.84344765,-18,risk,risk
0.652598308,0.19535937,0.112111696,0.009930626,0.03,842.796708,9.227950976,9.314451612,2.109547574,22.65322199,5.536818101,47.90954474,B,214.0385862,winter,recent_change,-21.05768843,-17.3446979,-13.93743807,-18,caution,caution
0.660846197,0.074532637,0.195348214,0.039272952,0.03,843.9836982,9.612797616,8.970633379,1.64057907,27.2396695,8.097197311,45.93773331,A,210.578678,winter,recent_change,-14.45139319,-12.14217622,-8.361931137,-18,risk,risk
0.625647727,0.218760466,0.073398775,0.052193033,0.03,841.2715097,10.54083667,8.896099961,2.001723689,24.71992771,7.209090337,48.10414102,A,274.6039502,deep_winter,clean,-18.68089758,-14.67339522,-10.01951358,-23,risk,risk
0.696570355,0.058392377,0.130597821,0.084439446,0.03,838.3307844,11.18090915,7.582486391,1.705525401,25.24869138,7.592433017,49.86143496,A,75.78157287,winter,clean,-17.72257372,-13.00514584,-11.04114456,-18,risk,risk
0.736368168,0.078597527,0.14509835,0.009935954,0.03,841.7462871,9.840411455,9.401510155,1.85328199,25.03466459,8.188321137,50.58718416,A,319.6773664,winter,mixed,-18.24757813,-16.00534665,-12.85982063,-18,caution,caution
0.74398389,0.045703621,0.122971029,0.05734146,0.03,838.2753227,10.35855767,9.524674355,1.353355534,27.60718611,7.375738211,49.13123265,none,0.0,winter,mixed,-5.147105855,-1.168408736,0.782887349,-18,risk,risk
0.658404602,0.167723301,0.060805143,0.083066953,0.03,835.9135461,10.07319194,8.193849645,2.161572677,23.92783858,6.218264154,49.86748494,C,450.4912876,deep_winter,clean,-28.71864607,-23.97663866,-22.74984665,-23,normal,normal
0.630165559,0.176052745,0.12695006,0.036831637,0.03,845.6083379,8.545237741,8.9944757,1.458328634,26.80811062,8.288219312,49.17358259,C,166.5564683,winter,clean,-19.25075174,-16.23610334,-12.49224384,-18,caution,caution
0.504443162,0.282165213,0.156220655,0.02717097,0.03,847.3734374,8.695144798,8.62242129,2.134820654,26.84604666,7.02032989,46.97172943,C,216.1659182,deep_winter,clean,-11.91196551,-9.735559293,-6.211596622,-23,risk,risk
0.802063011,0.025966144,0.056292744,0.085678101,0.03,832.8175391,10.74680739,8.419292886,1.428274622,20.8029783,9.64548143,52.4106426,A,320.5480944,winter,mixed,-23.23226259,-18.85656826,-16.73120145,-18,caution,normal
0.603367123,0.187910446,0.168525954,0.010196477,0.03,847.221241,9.314583972,7.681907285,2.687467805,27.57712694,7.23450867,48.0374973,A,262.3700933,deep_winter,recent_change,-13.39043014,-11.02627277,-5.427445029,-23,risk,risk
0.728913767,0.162090538,0.014141626,0.064854069,0.03,834.0181214,11.84497748,9.806247743,2.012905396,24.26791709,8.956619927,50.63772551,A,214.3512323,winter,clean,-20.22536608,-18.01180538,-13.08286939,-18,caution,caution
0.583654668,0.267668955,0.076655967,0.04202041,0.03,841.4376377,11.03799808,8.71808732,1.729458445,25.4042251,6.549817832,49.44280925,B,431.480997,deep_winter,clean,-24.19605144,-20.28625939,-16.26276037,-23,caution,caution
0.454701361,0.284213331,0.154875,0.076210308,0.03,848.3211847,9.913078599,8.148593342,1.857823507,29.1387306,9.204345331,48.15521239,B,271.5406796,deep_winter,clean,-18.79407069,-14.98726341,-9.866597623,-23,risk,risk
0.629694281,0.258882093,0.075960217,0.00546341,0.03,841.9797179,10.94374433,9.531718974,2.720334639,26.44794374,8.017648732,51.08025073,C,406.3776391,deep_winter,mixed,-18.33323474,-15.82685685,-10.95553079,-23,risk,risk
0.764506507,0.098938172,0.013299526,0.093255795,0.03,831.381838,12.2914347,9.920514361,2.398994944,21.72325964,8.241036647,51.892158,C,170.2672484,winter,clean,-20.03227968,-17.0536569,-13.36574911,-18,caution,caution
0.66294854,0.157308858,0.077860309,0.071882294,0.03,838.1183562,10.48251679,7.829131132,1.694090988,25.04583143,9.490283449,49.6559079,A,276.6958987,deep_winter,clean,-22.29799756,-17.78726507,-15.1217125,-23,risk,risk
0.591284719,0.142778401,0.178178593,0.057758288,0.03,844.1095151,10.06416826,10.50625448,1.124004372,26.57796337,6.534469157,47.60831695,A,144.9019831,winter,recent_change,-15.38635917,-11.9513539,-8.926303346,-18,risk,caution
0.547473934,0.242605231,0.098439169,0.081481665,0.03,839.0071968,10.91475007,8.792804673,1.962103776,23.2316411,5.999870082,48.67203784,A,244.1073766,deep_winter,clean,-17.77678819,-14.20331451,-11.25400506,-23,risk,risk
0.730519376,0.080886617,0.07000241,0.088591598,0.03,836.7407656,10.48975017,7.881016405,1.691127808,24.70064001,7.330163562,50.16625859,B,349.9606447,deep_winter,recent_change,-29.77675283,-26.48536373,-22.45402134,-23,caution,caution
0.5801885,0.185833634,0.111609326,0.092368539,0.03,839.2269619,10.28375647,9.164401902,1.802414828,25.28538101,6.075662052,50.5658356,B,303.5618561,deep_winter,clean,-27.19328868,-22.3076843,-19.08650055,-23,normal,normal
0.637599966,0.167832081,0.117361025,0.047206928,0.03,841.2743576,9.303356701,8.118897426,2.285123832,26.08254017,9.254624268,49.6757297,A,339.1967497,winter,clean,-21.28989704,-16.33534656,-12.79366483,-18,caution,caution
0.811684812,0.041495852,0.071225488,0.045593848,0.03,838.9393783,12.37445976,7.703335076,2.088397549,23.0358109,7.207014042,51.06487955,A,305.937426,winter,mixed,-20.50892395,-17.47683564,-13.81788182,-18,caution,caution
0.679435527,0.196157566,0.037964807,0.056442101,0.03,834.593897,11.28273663,9.544167077,1.814259103,22.51023593,8.931168839,48.43597459,C,180.1671352,winter,clean,-18.05489383,-15.13642254,-11.2195295,-18,caution,caution
0.773106746,0.074247151,0.059845101,0.062801002,0.03,835.1339916,9.919242579,8.730825179,2.442108208,25.87805197,8.155607568,52.2516854,none,0.0,deep_winter,mixed,-3.743226893,-0.279411307,3.361740497,-23,risk,risk
0.767444208,0.164802901,0.035078171,0.00267472,0.03,838.079504,11.39947904,10.76666161,2.556424047,21.15850212,6.463666862,49.59810649,A,148.2895884,winter,clean,-13.36996871,-9.845270623,-6.48680036,-18,risk,risk
0.72617152,0.151401476,0.021606459,0.070820545,0.03,835.4943272,13.34432802,8.732876374,2.247146173,21.60975028,6.982529605,50.45446717,A,352.1296018,deep_winter,clean,-20.75090014,-16.21026917,-13.4779838,-23,risk,risk
0.762172402,0.053369235,0.057108033,0.09735033,0.03,834.5140404,10.9773716,9.522182458,2.150412763,23.56987199,6.954613903,50.54234487,A,58.53032981,winter,clean,-13.58387667,-10.97692358,-4.688447371,-18,risk,caution
0.743685771,0.168392544,0.041701454,0.016220231,0.03,838.7465798,8.752969975,9.053152551,1.847911133,24.21570641,5.239751057,48.45303076,A,101.5157074,winter,recent_change,-12.57648391,-7.977879756,-6.162150687,-18,risk,risk
0.835139484,0.013152008,0.073796032,0.047912476,0.03,831.5405314,11.09602521,9.110137792,1.853200601,23.10451195,6.381440663,50.2680077,A,397.278797,deep_winter,recent_change,-22.71825777,-19.85173472,-14.83171325,-23,risk,risk
0.5922384,0.259021576,0.052002173,0.066737851,0.03,838.6068144,9.704680122,9.241484012,2.354371712,23.64452964,5.849277438,50.38001145,C,316.8188853,deep_winter,clean,-21.60976593,-18.90884108,-15.28994217,-23,risk,caution
0.746583007,0.17371621,0.017526059,0.032174725,0.03,835.8079125,10.94305487,9.650777304,1.984823327,24.02297361,8.701089073,52.44632373,B,325.1755681,deep_winter,recent_change,-23.35547952,-18.41930553,-18.3048789,-23,caution,caution
0.818506288,0.015922759,0.075505445,0.060065508,0.03,836.9959552,11.63927232,8.510900205,1.555310681,24.99293655,7.883401634,49.35052379,A,177.8739419,winter,recent_change,-19.98663626,-17.69617319,-11.4519397,-18,caution,caution
0.503418199,0.230262552,0.194795829,0.041523419,0.03,847.5977732,8.944241463,9.399232542,2.364659047,29.20307486,7.488251875,47.89534357,A,317.1611819,deep_winter,recent_change,-10.62740312,-8.60212676,-4.983750252,-23,risk,risk
0.51796632,0.205712902,0.169057428,0.077263349,0.03,844.0854971,10.68358696,7.596766367,2.198156224,24.17374477,6.921486625,46.99527312,A,385.7450681,deep_winter,clean,-16.58443438,-11.73367061,-11.49583204,-23,risk,risk
0.779595685,0.08722252,0.056190168,0.046991627,0.03,832.3370953,11.96064117,9.823998042,2.618463363,21.19537371,7.486056301,50.54067748,none,0.0,deep_winter,clean,-2.435763888,0.036295163,3.826573465,-23,risk,risk
0.547240759,0.199104393,0.193149997,0.030504851,0.03,847.4230908,9.173867741,10.33952644,1.850703342,29.17675045,8.760053531,46.48035768,B,318.2482516,deep_winter,mixed,-14.35639548,-10.93660588,-8.95678389,-23,risk,risk
0.55761664,0.236521357,0.155795899,0.020066104,0.03,847.2184734,9.49938598,8.989757327,2.5189209,26.20439817,9.932582044,47.47283238,B,215.0497096,winter,clean,-15.16664786,-12.95201898,-6.335733659,-18,risk,risk
0.623643195,0.207519122,0.11627653,0.022561154,0.03,842.5227497,9.755449091,9.911951306,1.821323887,27.16171203,9.80758006,48.01885484,A,264.1200445,deep_winter,clean,-18.08329727,-14.06095856,-12.09087708,-23,risk,risk
0.677399118,0.210754334,0.032998732,0.048847816,0.03,833.6967641,10.31819241,9.391376048,2.263380963,22.49910888,6.51998717,51.60623125,A,245.9865734,winter,clean,-16.97739912,-12.50500622,-9.982471239,-18,risk,risk
0.475870478,0.287678843,0.115786251,0.090664427,0.03,840.5387232,9.296177771,7.450707738,2.170388362,27.62377947,6.785471038,48.28473865,A,339.1850079,deep_winter,clean,-20.03558128,-17.66691375,-14.26322774,-23,risk,risk
0.556261413,0.231040472,0.169085679,0.013612436,0.03,848.3575539,6.675656151,9.997667698,1.610877463,27.39116418,5.75077979,47.4172539,B,373.931262,deep_winter,mixed,-15.01515325,-11.76558205,-8.21826141,-23,risk,risk
0.770381905,0.095897593,0.032352957,0.071367544,0.03,834.8947312,11.5867725,8.773202232,1.802930945,22.72593194,9.077509726,52.09495435,C,303.7035753,deep_winter,mixed,-23.41958207,-19.88048065,-18.28557929,-23,caution,caution
0.6027911,0.18553975,0.13815627,0.043512881,0.03,841.360601,9.021095441,8.411313702,2.837115305,26.59988783,8.479880196,47.13979913,B,268.1617058,winter,clean,-22.36643274,-18.44080616,-16.29909041,-18,normal,caution
0.70271649,0.031284048,0.163414466,0.072584997,0.03,840.0771876,10.43574876,8.870057708,2.411339291,24.37468382,8.442519443,47.69344322,A,147.3162449,winter,recent_change,-14.95301755,-12.94017643,-7.146132006,-18,risk,risk
0.692859092,0.095607081,0.154312408,0.027221419,0.03,842.1013359,10.91666832,8.544196565,1.350082712,24.78861428,8.217532178,47.80878078,A,256.0682096,winter,recent_change,-15.93865034,-12.53941973,-8.358798,-18,risk,risk
0.592776842,0.258274581,0.03276758,0.086180997,0.03,836.4847884,10.82957136,9.066404825,2.599626696,24.39896465,9.410319205,49.50318485,A,98.58690595,winter,recent_change,-10.15347523,-6.954384441,-3.882410609,-18,risk,risk
0.744767186,0.19500005,0.016316861,0.013915904,0.03,838.7861488,10.53090725,9.717688955,2.299846291,21.42989542,8.75128581,51.03260646,C,202.2451181,deep_winter,recent_change,-17.89272725,-14.38581074,-12.70669828,-23,risk,risk
0.813581138,0.007099273,0.063713699,0.08560589,0.03,831.9201332,11.9109513,8.802733799,1.655882177,20.24081655,9.48526469,50.12221496,C,452.8710723,deep_winter,clean,-29.66569408,-26.43259049,-21.69084708,-23,normal,caution
0.756722391,0.102783178,0.070673705,0.039820726,0.03,835.8932594,11.49995285,8.877450122,1.436144201,23.47357193,5.577089309,50.07357555,A,449.9990063,deep_winter,clean,-23.65476299,-20.46400236,-18.51394745,-23,caution,caution
0.725683068,0.051208866,0.137998632,0.055109433,0.03,838.7313055,10.40214668,9.528250519,1.257521883,27.70481569,6.803330713,49.12600668,A,147.2403393,winter,recent_change,-17.74658417,-13.65564541,-11.20691911,-18,risk,risk
0.753710645,0.1333094,0.042273626,0.04070633,0.03,835.0259315,8.678117464,8.776095609,2.356554942,24.20717683,9.919147304,50.39775318,C,394.4886311,deep_winter,mixed,-24.04925258,-19.74014075,-16.45522275,-23,caution,caution
0.570958763,0.21288707,0.096141702,0.090012465,0.03,839.2373591,11.79550305,9.337087452,2.390381106,25.34067535,6.90540296,48.16907624,A,73.34140912,winter,mixed,-9.665296531,-7.357000785,-2.50461839,-18,risk,risk
0.826875531,0.052391996,0.065587707,0.025144766,0.03,832.8102312,11.30676499,10.26323596,1.718582511,21.61346717,5.581351865,49.57968033,B,406.1697593,winter,recent_change,-26.23723694,-22.50939075,-19.83923285,-18,caution,caution
0.744117646,0.101551119,0.03327023,0.091061005,0.03,832.3731074,12.46025125,9.548733118,1.746657072,22.48342169,7.238410947,51.40178988,C,428.0033971,deep_winter,recent_change,-29.27733326,-25.12421932,-22.89286807,-23,caution,caution
0.744861847,0.018391817,0.192928503,0.013817833,0.03,843.2461308,9.79227679,7.683908412,1.926439486,25.50140368,6.73581811,48.32539753,B,50.89274302,winter,mixed,-11.87833598,-8.329956061,-2.979495377,-18,risk,risk
0.473060779,0.280650696,0.147740216,0.068548309,0.03,848.9794896,9.221010552,9.576938497,2.516241519,28.03502459,5.78817717,46.86195828,A,330.6642303,deep_winter,clean,-17.42863206,-14.81386063,-12.13219576,-23,risk,risk
0.554064962,0.264921859,0.105640198,0.045372982,0.03,845.9271099,8.930267363,9.069398897,2.359496871,26.75548423,5.755317963,49.1736122,A,227.6552894,winter,mixed,-14.88481618,-11.46563982,-7.858289257,-18,risk,risk
0.704239048,0.112078108,0.074780856,0.078901988,0.03,835.3500583,9.195239955,7.686890145,1.831335843,21.4775669,8.58287778,51.05325537,B,63.57945734,winter,recent_change,-17.28615957,-12.36013958,-9.914094246,-18,risk,risk
0.72986002,0.070871019,0.13496052,0.034308442,0.03,841.4312898,11.62156688,10.3355044,2.020182005,24.00594476,5.638478885,48.49783683,C,255.1962592,deep_winter,clean,-21.86892955,-17.24907891,-13.93993792,-23,risk,risk
0.810836482,0.101675016,0.027829096,0.029659407,0.03,832.2889535,9.744041609,9.541880196,1.889229838,21.24525384,9.28205227,50.7219726,A,364.7151699,deep_winter,clean,-21.76056068,-19.24784458,-16.57832498,-23,risk,risk
0.736987276,0.018091651,0.128189336,0.086731737,0.03,837.0463551,10.18207758,9.716593736,1.951798849,22.28312997,6.718547475,49.59043242,B,253.9041314,winter,clean,-28.90997056,-26.49352167,-21.74476813,-18,normal,normal
0.558740956,0.269092598,0.119081274,0.023085172,0.03,846.3686891,8.984093625,10.47703648,2.488169485,26.84363361,5.139344904,49.81441176,B,353.2186731,deep_winter,mixed,-18.06650302,-13.22440183,-12.28271701,-23,risk,risk
0.757609524,0.06626122,0.088306294,0.057822962,0.03,835.4167198,10.64962096,9.784151118,2.303681412,24.54595697,5.676981633,49.76910767,A,403.273165,deep_winter,recent_change,-21.73006117,-18.73238104,-14.06380469,-23,risk,risk
0.560056916,0.202298694,0.168695662,0.038948728,0.03,845.5000938,9.445385638,9.630108378,1.639893787,30.5329182,5.289507935,46.14146499,C,389.8847773,winter,clean,-16.70366944,-11.77454587,-9.351989514,-18,risk,risk
0.629622652,0.161363458,0.161421479,0.017592411,0.03,844.8467015,9.462248506,8.973052129,2.063063052,27.65759921,5.325952911,48.6291449,B,400.6692396,deep_winter,clean,-18.59703213,-13.64940321,-11.38578642,-23,risk,risk
0.663719088,0.148764579,0.145201572,0.012314761,0.03,843.0946744,10.3765279,9.027203574,2.019687929,25.30272484,5.921400658,46.48042169,A,223.4609054,winter,clean,-18.29613486,-16.00009637,-10.16766776,-18,caution,caution
0.560056916,0.202298694,0.168695662,0.038948728,0.03,845.5000938,9.445385638,9.630108378,1.639893787,30.5329182,5.289507935,46.14146499,C,169.5972649,winter,clean,-12.82919266,-9.583098919,-4.251463363,-18,risk,risk
0.627645483,0.159230261,0.102144455,0.0809798,0.03,838.4843381,9.448084181,7.576411521,1.980758349,23.48220015,8.711174416,49.53640262,C,328.6997388,deep_winter,recent_change,-25.22781385,-21.20508253,-16.94564243,-23,caution,caution
0.546868114,0.18334133,0.167669186,0.072121371,0.03,844.8227081,9.671171517,8.718455344,1.770659815,26.3307058,5.53232886,47.91299393,A,62.21067608,winter,clean,-9.597608698,-7.052184091,-2.05616171,-18,risk,risk
0.703880366,0.022616395,0.178812646,0.064690593,0.03,841.1982635,9.903169697,9.612645138,2.250892443,26.34095803,5.597825182,46.81030293,A,223.9483868,deep_winter,recent_change,-15.37511182,-10.80445982,-8.030053452,-23,risk,caution
0.780822747,0.05315694,0.131150116,0.004870198,0.03,840.2500469,10.82096983,9.044001201,1.890038227,26.11870531,5.656523273,48.20854312,B,173.5756538,winter,recent_change,-23.14842714,-19.4273781,-15.79455498,-18,caution,caution
0.767553303,0.120306956,0.045725147,0.036414594,0.03,836.5439467,10.74472963,8.127359792,1.783709769,21.50885767,6.739803499,50.47014985,C,343.5405153,winter,mixed,-25.55661295,-21.50955418,-16.65866695,-18,caution,normal
0.517627086,0.247751868,0.152906525,0.051714521,0.03,845.0618285,7.38772634,8.358820223,1.514450874,27.17815867,9.233156341,48.11151632,A,79.37043028,winter,clean,-9.02927765,-6.96172628,-3.278348428,-18,risk,risk
0.725758568,0.097106491,0.118875536,0.028259405,0.03,841.1581476,9.485291418,9.545603261,2.49156594,24.33266627,9.335417237,48.94682319,A,178.1530856,winter,mixed,-15.08547071,-11.98062954,-7.361514094,-18,risk,risk
0.632459826,0.103431044,0.146127818,0.087981312,0.03,839.7829398,11.59626362,7.78927207,1.12063055,26.9294802,6.042031667,47.17418721,A,340.2482229,deep_winter,mixed,-23.25988607,-20.77006367,-16.57111547,-23,caution,caution
0.579344602,0.129862707,0.171412559,0.089380132,0.03,841.3552856,11.44947225,8.49267607,1.76904021,27.6452499,6.19128156,46.65474363,B,462.5685501,deep_winter,recent_change,-22.11562816,-17.44298604,-14.79730375,-23,risk,risk
0.563290592,0.198385102,0.129727883,0.078596422,0.03,840.8279951,9.657828948,8.573995811,2.544341348,24.4277452,5.747535546,48.9308848,A,434.5617616,deep_winter,recent_change,-20.82876368,-17.96705624,-13.68418277,-23,risk,risk
0.61537447,0.141216065,0.14841183,0.064997635,0.03,839.6085036,8.151590845,8.010143912,2.309128816,26.19124354,8.666955265,46.86127136,A,88.54182573,winter,mixed,-12.59994572,-7.781861584,-4.226432164,-18,risk,risk
0.600386024,0.158641114,0.17296843,0.038004432,0.03,844.4972167,9.265004006,8.28932274,2.124649694,28.89776303,9.174703894,48.07413418,C,253.9498263,deep_winter,clean,-16.74118267,-14.36887637,-8.397115136,-23,risk,risk
0.659026349,0.139784402,0.153950545,0.017238705,0.03,843.3206824,8.939340067,9.048883171,2.200030685,27.64391766,6.725771808,49.17322365,B,88.56728173,winter,clean,-13.95203,-10.24912259,-6.764715002,-18,risk,risk
0.511159439,0.281362321,0.083882296,0.093595943,0.03,841.7656591,10.7876621,10.09430096,2.32863817,22.55417234,5.051485573,49.12880418,B,387.4172624,deep_winter,clean,-25.36538478,-23.2405773,-16.75205527,-23,caution,caution
0.707383326,0.122062344,0.122443773,0.018110557,0.03,840.7920287,11.38911997,9.262194997,2.029662834,25.45175885,8.309985039,50.48603615,B,395.7375788,deep_winter,clean,-26.17316234,-23.74218542,-18.47504265,-23,caution,caution
0.709193159,0.117534929,0.131467793,0.011804119,0.03,843.1816641,10.02679237,9.175296889,2.582917,24.38549687,9.485371366,48.89223065,A,315.0278402,deep_winter,clean,-19.91933943,-15.89105251,-13.30174971,-23,risk,risk
0.795902482,0.10775736,0.008676761,0.057663397,0.03,833.3710343,11.20490714,10.13388534,2.009414452,22.03169494,8.219169402,52.06724035,none,0.0,deep_winter,clean,-4.896865072,-0.051206173,2.45334028,-23,risk,risk
0.742662701,0.009264463,0.16829093,0.049781906,0.03,840.9000112,10.36119283,8.280226999,1.574219608,25.77987101,7.967754018,48.65506982,B,126.3167101,winter,recent_change,-17.81193763,-13.78624853,-9.842808983,-18,risk,risk
0.63151273,0.18418736,0.115894996,0.038404914,0.03,840.6509133,9.025386497,8.8910268,2.685897628,27.61181947,5.558772583,48.71880212,B,432.999733,deep_winter,clean,-24.39751354,-20.94348542,-18.76771046,-23,caution,caution
0.481655488,0.252232427,0.196171355,0.03994073,0.03,849.2635776,8.542612836,8.83307822,2.646572511,29.91427795,8.467884944,45.04980157,B,151.5798699,winter,mixed,-11.19294973,-9.036247508,-3.939521971,-18,risk,risk
0.826487029,0.034494807,0.053261721,0.055756442,0.03,832.1395856,10.56319076,9.723241685,1.934711973,25.60771655,9.222039892,50.13341558,A,332.6479626,deep_winter,mixed,-22.84693341,-19.11776541,-16.96543061,-23,risk,risk
0.835139484,0.013152008,0.073796032,0.047912476,0.03,831.5405314,11.09602521,9.110137792,1.853200601,23.10451195,6.381440663,50.2680077,A,192.0535865,deep_winter,recent_change,-18.52781283,-15.25738147,-13.12035802,-23,risk,risk
0.789566482,0.070471498,0.077176981,0.032785039,0.03,835.8116683,10.73643805,10.03252126,1.621048221,23.66345687,6.245780206,50.14812216,A,207.628262,winter,clean,-18.358005,-14.84664061,-13.1703371,-18,caution,caution
0.646775917,0.166943868,0.115191492,0.041088723,0.03,841.9119502,8.590782738,9.806833258,1.510235111,26.22576848,8.490137316,48.19112188,A,338.5757504,deep_winter,mixed,-17.28798243,-14.71462177,-10.67805439,-23,risk,risk
0.572673679,0.217960879,0.14709268,0.032272762,0.03,845.6331447,8.709956773,10.18853499,1.490978115,24.07456933,7.338933464,45.16077403,B,432.7758208,winter,clean,-26.61594011,-23.53213251,-18.91329625,-18,normal,normal
0.688704686,0.114648284,0.105242815,0.061404216,0.03,838.7289714,10.07683741,8.528175417,1.932945063,22.21905486,9.064822453,48.96177162,A,89.3806263,winter,clean,-14.57045946,-11.58657985,-6.73477991,-18,risk,risk
0.621355327,0.160446347,0.112826893,0.075371433,0.03,840.8477501,9.578745843,9.580661538,2.424220897,26.22718798,7.981310422,47.70497875,C,248.3182044,deep_winter,recent_change,-20.60062457,-16.95768814,-14.41146047,-23,risk,risk
0.552194715,0.192561169,0.179022341,0.046221774,0.03,845.0408045,8.932072922,8.838289719,2.420994165,27.04741641,7.048294003,45.95152221,C,71.54281369,winter,recent_change,-7.712834569,-3.344687363,-1.645120561,-18,risk,risk
0.439636355,0.24689614,0.186280379,0.097187125,0.03,846.6443611,9.278472454,8.489169084,2.69493776,26.30043315,7.056526489,46.22196243,A,358.1596484,deep_winter,recent_change,-13.94012037,-9.051765023,-8.734273758,-23,risk,risk
0.669050984,0.229823391,0.05842198,0.012703645,0.03,838.8291928,10.63137849,10.40334052,2.715061265,25.55188662,8.166421133,49.39236007,B,191.6222509,winter,recent_change,-17.31145499,-15.11418422,-9.469689746,-18,risk,risk
0.755747512,0.010767779,0.141995584,0.061489125,0.03,835.8239126,10.51152493,6.947506746,1.841368036,25.51573708,6.879771382,47.41748582,A,90.43258305,winter,recent_change,-17.86883574,-13.79145642,-10.12856625,-18,risk,risk
0.604064988,0.230631315,0.091861704,0.043441993,0.03,843.1142443,8.886415884,8.16538822,2.052170707,27.23581846,8.241883625,48.05001123,C,489.8027341,deep_winter,clean,-25.50831406,-21.289987,-17.4171351,-23,caution,caution
0.579772258,0.222294868,0.112380373,0.055552501,0.03,842.6998701,11.17702962,9.022165182,2.515142385,24.46208733,5.293465949,49.02997852,B,317.1982744,winter,clean,-23.75760391,-20.11267545,-14.85933246,-18,normal,normal
0.506036288,0.204904979,0.164204609,0.094854124,0.03,842.0681759,9.850540297,9.06669528,2.299029864,26.70536619,5.560334098,48.75960633,C,138.5976538,winter,clean,-12.10272711,-8.359371531,-6.933699128,-18,risk,risk
0.593393824,0.233464705,0.141856399,0.001285071,0.03,845.011351,9.096829588,9.776100807,2.317081057,25.69912539,5.310074788,47.79927855,C,350.3567262,deep_winter,clean,-19.34836529,-15.56782311,-11.54295875,-23,risk,risk
0.409951544,0.29749133,0.171117784,0.091439343,0.03,846.1747025,9.299933095,8.76107593,2.59054787,28.20001174,7.143908064,46.28909825,B,142.5537855,winter,recent_change,-12.51468077,-8.942356425,-4.384405105,-18,risk,risk
0.728424619,0.096866106,0.05513059,0.089578685,0.03,832.1977689,11.09678565,9.568074777,1.745174579,22.10541983,7.544615407,51.17031814,B,485.4469998,deep_winter,recent_change,-27.1289215,-24.12149967,-18.77115427,-23,caution,caution
0.672258443,0.194789274,0.030675472,0.07227681,0.03,836.723291,9.650019022,9.187807654,2.413893302,21.65459353,8.676516734,51.47982975,A,319.3217192,deep_winter,recent_change,-20.63850284,-18.44194899,-13.27541765,-23,risk,risk
0.654776957,0.200716642,0.101098744,0.013407657,0.03,840.5216223,11.10133101,9.777415204,2.07992447,26.44710265,8.71766868,51.35447841,none,0.0,winter,mixed,-0.360252432,4.364230548,7.306162673,-18,risk,risk
0.727209683,0.109492725,0.105102789,0.028194803,0.03,841.0071975,9.609122475,8.76955272,1.780263869,27.25568893,6.390442947,49.89268195,C,478.4955055,deep_winter,clean,-26.87903418,-22.84794917,-18.30077418,-23,caution,caution
0.567192516,0.25928908,0.120574072,0.022944332,0.03,842.8013688,8.882992959,10.48637801,2.46552334,26.32701144,7.573883187,48.57637457,C,135.8963933,winter,recent_change,-11.68800989,-8.383146196,-5.108725232,-18,risk,risk
0.766204486,0.093582007,0.096065182,0.014148325,0.03,836.6887256,9.568539618,9.833721784,1.960571974,24.17423602,7.561510254,49.84649735,A,324.8680294,deep_winter,clean,-19.7497485,-15.84701344,-11.68014841,-23,risk,risk
0.695057582,0.229562745,0.02933483,0.016044844,0.03,837.5948053,9.315191779,10.02834674,2.511589554,24.89448835,5.058215624,50.16990148,C,277.1623718,winter,clean,-18.74767613,-16.06358407,-13.43758073,-18,caution,caution
0.468109924,0.295796315,0.152023454,0.054070308,0.03,845.6089428,9.858112898,8.882587015,2.188085826,28.26035857,5.03234877,46.40596279,B,415.9422044,deep_winter,mixed,-15.32499784,-10.40620875,-6.884415489,-23,risk,risk
0.55350192,0.150983136,0.171004545,0.094510398,0.03,842.9586562,10.44749671,8.248864642,1.420605554,25.6352353,9.822213394,48.87048276,A,229.6810141,winter,recent_change,-17.4247066,-12.97268306,-10.39876427,-18,risk,risk
0.717570069,0.008523339,0.178535988,0.065370604,0.03,841.0653273,10.1369811,7.811430782,1.459038527,24.06206495,9.600656719,46.594064,C,293.7815638,winter,recent_change,-21.45026181,-19.36485764,-13.30985357,-18,caution,caution
0.710714284,0.183145816,0.049784483,0.026355417,0.03,837.576673,9.069818363,10.43977192,2.337839109,24.69938332,8.127817129,49.86419699,A,382.0161413,deep_winter,recent_change,-17.10608881,-14.33869215,-10.69789273,-23,risk,risk
0.786337497,0.02761562,0.132681111,0.023365771,0.03,839.3871358,10.77929227,8.066274604,2.021136128,24.37634072,6.091434601,46.85130692,C,263.2283459,winter,clean,-25.47938684,-21.55469343,-19.23057569,-18,normal,normal
0.734447705,0.175117253,0.01796111,0.042473931,0.03,834.0634734,9.914443269,9.931750598,2.395116829,20.19893602,7.070033895,52.18349701,A,232.4542957,deep_winter,clean,-17.98180515,-13.00891096,-11.96933312,-23,risk,risk
0.624368637,0.235618267,0.093705634,0.016307462,0.03,843.3595833,10.1090871,8.424858057,1.489458369,25.41512353,5.6944606,49.96741515,A,415.2848574,deep_winter,clean,-19.4398997,-16.8305014,-11.30207627,-23,risk,risk
0.625423881,0.188986628,0.057720306,0.097869186,0.03,837.3256167,9.742842469,9.935626519,1.83822319,25.27321758,7.45364991,51.48595776,A,277.772652,winter,clean,-21.78226531,-18.32131822,-13.43740247,-18,caution,caution
0.567192516,0.25928908,0.120574072,0.022944332,0.03,842.8013688,8.882992959,10.48637801,2.46552334,26.32701144,7.573883187,48.57637457,C,311.8929929,winter,recent_change,-20.1776888,-15.40892995,-13.97132051,-18,caution,caution
0.677605867,0.062762738,0.153722646,0.07590875,0.03,839.0447625,9.137876331,8.538399077,1.89059323,24.97853057,5.732056604,48.368224,C,328.3751977,winter,mixed,-19.77017142,-14.86271899,-12.86378059,-18,caution,normal
0.796157982,0.034866577,0.083537717,0.055437725,0.03,837.8608474,10.54777193,8.594709043,2.008835292,20.01544203,9.838017736,50.87051055,C,249.7227037,winter,recent_change,-24.32385065,-20.48664602,-17.43756474,-18,caution,caution
0.634639948,0.237055791,0.007463261,0.090841,0.03,835.3732177,10.27092499,10.34858129,1.822033464,23.45350479,8.295690372,50.83352256,B,324.9290646,winter,clean,-24.61681743,-21.12983271,-18.84452063,-18,normal,normal
0.721904477,0.109721219,0.112142589,0.026231715,0.03,839.0642498,9.28436281,8.361466324,2.188816753,25.52229163,5.592073891,49.67611732,A,274.9412267,winter,recent_change,-18.58470319,-15.64147808,-10.74736889,-18,caution,caution
0.567342749,0.165421196,0.143298705,0.09393735,0.03,839.793811,10.4103848,9.023727448,2.115842041,22.44783591,6.620450878,45.79695819,A,132.5048003,winter,clean,-16.1446607,-12.57880612,-10.66917005,-18,risk,risk
0.651696293,0.020284919,0.19949883,0.098519957,0.03,838.5505835,11.28859445,8.183661918,1.931573388,25.07354075,7.75048885,46.61658097,A,364.2804069,deep_winter,recent_change,-19.45067879,-15.31886338,-13.89960567,-23,risk,risk
0.67705408,0.187507162,0.064668319,0.040770439,0.03,839.9632892,11.30679651,9.378739219,3.073643624,25.26056273,6.599696614,49.3150764,C,94.17271508,winter,clean,-11.53157855,-8.660653193,-5.407946195,-18,risk,risk
0.670273462,0.097211564,0.175133626,0.027381348,0.03,842.9406118,9.2980358,8.613283648,1.769894585,27.77561958,5.31491646,46.88760182,A,232.7303614,winter,recent_change,-14.12641069,-11.94987652,-8.446894586,-18,risk,risk
0.705634202,0.04265444,0.139806733,0.081904625,0.03,838.040477,10.62717755,9.363751454,2.233953857,23.86164527,5.88216919,51.31407526,C,364.3615369,deep_winter,clean,-28.86309903,-25.88915991,-20.1359474,-23,normal,normal
0.572673679,0.217960879,0.14709268,0.032272762,0.03,845.6331447,8.709956773,10.18853499,1.490978115,24.07456933,7.338933464,45.16077403,B,183.3189566,winter,clean,-21.71806231,-18.10758967,-16.05493347,-18,caution,caution
0.479632785,0.23387494,0.161563957,0.094928317,0.03,842.5418286,9.94317527,9.234316582,2.537008178,24.77012555,5.351911687,47.3926061,A,320.2408305,winter,clean,-15.65569357,-12.65452164,-8.254681153,-18,risk,risk
0.679800945,0.05844971,0.167877211,0.063872134,0.03,841.1938809,10.52207409,7.266314225,1.968883768,27.74196005,6.438730449,48.33448335,C,182.015093,winter,clean,-18.30987363,-15.51838822,-12.56432,-18,caution,caution
0.831333666,0.064367358,0.012690552,0.061608424,0.03,830.8407742,10.50529262,9.618945096,1.723299724,23.44966472,6.725584786,52.11752056,C,395.7240041,deep_winter,recent_change,-27.39016272,-22.60935472,-21.32380032,-23,caution,caution
0.507762399,0.268782374,0.163495819,0.029959408,0.03,848.145276,9.782734867,9.146868582,1.82831836,28.4194855,9.153652116,47.39772982,C,413.8260314,deep_winter,recent_change,-15.58400182,-11.08128546,-9.800113633,-23,risk,caution
0.615547291,0.242101067,0.062316424,0.050035218,0.03,838.9308767,9.54124665,9.872378568,2.804278918,24.31243956,6.658564923,48.71955853,B,232.1821872,deep_winter,clean,-22.9767339,-19.35827616,-17.57522196,-23,risk,risk
0.646769018,0.2285985,0.074955829,0.019676654,0.03,841.7055858,10.44747017,9.896233381,2.12462302,24.925618,8.3326926,50.37528042,A,470.7341889,deep_winter,recent_change,-17.95694352,-14.36892546,-11.60073951,-23,risk,risk
0.715166708,0.104728224,0.067485927,0.082619141,0.03,833.670228,11.96985725,8.226383404,1.414780652,25.30133755,6.904228726,50.70836563,C,243.2716153,winter,clean,-25.15453997,-20.87787517,-17.43868915,-18,normal,normal
0.67772811,0.218494306,0.040768885,0.033008699,0.03,839.3923193,11.00726959,9.18039422,2.247721454,21.97845663,9.963809935,49.19487804,A,263.918882,deep_winter,mixed,-16.11816992,-12.73960843,-9.650143593,-23,risk,risk
0.667066469,0.160650806,0.055487687,0.086795038,0.03,836.92237,10.45916614,10.52498388,1.50207729,22.87096753,6.929140474,49.58061585,C,451.3682285,deep_winter,recent_change,-26.20012219,-22.1881668,-19.0126647,-23,caution,caution
0.451070924,0.295939801,0.18270479,0.040284485,0.03,848.0423214,8.472846107,7.891664821,2.156403086,30.09080401,7.1388367,46.5772857,B,343.9984146,winter,mixed,-14.58763475,-9.91919238,-6.617448783,-18,risk,risk
0.486998331,0.255039657,0.14366773,0.084294282,0.03,840.7291481,9.67558813,7.183714146,2.170192078,24.12513448,8.907681259,46.85751341,B,198.0170087,deep_winter,recent_change,-23.02005248,-20.84971474,-14.90093418,-23,caution,caution
0.582737614,0.256885043,0.061628308,0.068749035,0.03,839.2381256,9.893436986,9.93620791,1.517837344,24.85698635,7.444681273,47.93118766,A,343.6621288,deep_winter,recent_change,-19.44945212,-16.45242554,-10.54879471,-23,risk,risk
0.683908645,0.07203964,0.129388445,0.084663269,0.03,837.3618813,9.543971441,8.403929108,2.002281748,26.58156463,9.14578071,48.95695952,C,468.2629198,deep_winter,recent_change,-29.07655042,-25.11078515,-20.21184391,-23,caution,caution
0.780906351,0.057349452,0.096985753,0.034758444,0.03,837.5871763,9.650156263,8.072722612,1.75115912,22.06505612,5.685485196,51.98882432,none,0.0,deep_winter,clean,-5.8705179,-1.121176746,2.761006966,-23,risk,risk
0.757609524,0.06626122,0.088306294,0.057822962,0.03,835.4167198,10.64962096,9.784151118,2.303681412,24.54595697,5.676981633,49.76910767,A,109.2528509,deep_winter,recent_change,-14.08136245,-9.086728988,-8.853102783,-23,risk,risk
0.688144696,0.178477243,0.013456809,0.089921252,0.03,835.4091909,10.50699473,9.091452707,2.195398252,22.00817075,8.919420476,49.13466212,C,64.41872807,deep_winter,clean,-10.81446494,-7.203912388,-2.603101307,-23,risk,risk
0.750701385,0.02824059,0.184421675,0.00663635,0.03,844.0247356,11.19379627,9.530994453,1.418575372,27.21688529,5.701768854,47.24048171,A,166.3594588,winter,recent_change,-12.86573327,-8.320456895,-7.444165791,-18,risk,risk
0.66532305,0.127692717,0.149363866,0.027620367,0.03,841.4137775,9.05628564,9.061823764,2.706583229,27.48373707,7.657225341,48.73010262,B,220.4637228,deep_winter,clean,-23.32476671,-19.95362438,-14.53098175,-23,caution,caution
0.760862372,0.202677306,0.002452177,0.004008145,0.03,832.354027,8.106106226,8.457649081,2.379228581,21.94122595,5.386287533,52.02892624,C,240.6814595,winter,clean,-19.35272989,-14.94146196,-12.54471143,-18,caution,caution
0.737142678,0.126818255,0.065804678,0.040234389,0.03,839.4095839,10.19520273,9.335605171,2.174768479,24.16259284,6.878058104,49.69777726,B,335.6273176,winter,mixed,-25.08818259,-20.93371703,-18.74911261,-18,caution,caution
0.591794871,0.288644704,0.07672407,0.012836354,0.03,842.5283,9.327004094,10.17973607,2.143245164,24.53832988,8.556747175,48.21296728,B,317.4264218,winter,clean,-22.06600923,-18.34506776,-16.00251722,-18,normal,normal
0.547240759,0.199104393,0.193149997,0.030504851,0.03,847.4230908,9.173867741,10.33952644,1.850703342,29.17675045,8.760053531,46.48035768,B,94.19613853,deep_winter,mixed,-9.744970204,-7.065596365,-1.91881307,-23,risk,risk
0.621351139,0.195473652,0.063917993,0.089257216,0.03,834.4901695,10.57063092,9.45702013,2.592114769,25.26459127,8.082201734,49.45821713,B,245.5473689,deep_winter,clean,-24.05494042,-19.83378589,-17.00489111,-23,caution,caution
0.647183856,0.277021659,0.038379045,0.007415439,0.03,839.8750348,9.644062624,9.824748168,2.433863436,25.04297282,8.61158922,50.1111864,B,236.3359299,deep_winter,mixed,-16.38292466,-11.71078929,-9.523406834,-23,risk,risk
0.529105116,0.245008641,0.122584865,0.073301377,0.03,845.5092024,9.531850374,8.622395908,2.314920082,24.62629512,6.707742572,48.10717551,A,242.6325095,deep_winter,recent_change,-18.56052105,-13.78164168,-13.41664042,-23,risk,risk
0.575838762,0.208911938,0.15938827,0.025861031,0.03,847.7104837,8.381895497,8.824573564,1.833747708,29.42766487,8.224508352,47.24607366,B,197.5827156,winter,clean,-18.31341051,-13.61872841,-11.44464738,-18,caution,caution
0.804615525,0.094725572,0.010474588,0.060184315,0.03,833.9959252,11.61650087,10.19037265,2.261340029,24.89233148,9.679936459,53.09704754,A,106.8904858,deep_winter,recent_change,-15.86927672,-11.99239831,-10.08129885,-23,risk,risk
0.720598277,0.218013695,0.020466616,0.010921412,0.03,839.2696725,10.53559603,9.243702176,2.221534236,27.1717623,6.109648141,52.00743738,B,298.7110901,winter,recent_change,-22.90040769,-18.15460033,-17.71637358,-18,caution,caution
